Workbook

Sheet 說明
A1: Ch1 統計入門：平均數、標準差、變異係數與相對誤差
A2: 對應網頁：ch01.html ｜ 黃色儲存格＝可以改成你自己的數據；其他是公式，請不要直接覆蓋。
A4: 這本活頁簿在做什麼
A5: 生漢堡肉水分測了 4 次（Nielsen Table 4.1：64.53、64.45、65.10、64.78%）。「描述統計」工作表一步一步算出報告要寫的『一個共識值 ＋ 一個散布程度』：平均數、中位數、標準差 SD、變異係數 CV%。
A6: 「準確度與相對誤差」工作表示範：如果已知真值（例如標準品 65.05%），怎麼算絕對誤差 Eabs 與相對誤差 %Erel。
A7: 「乾物質習題」工作表用同一套公式練習 Nielsen 章末習題的數據，其中一筆數字（82.20）看起來特別低——先別急著判斷是不是異常值，第 5 章會教你用 Dixon Q 檢定客觀判斷能不能剔除。
A8: 怎麼用
A9: 1.「描述統計」：左邊黃色是原始數據，右邊每一列是一個公式，C 欄會印出公式原文給你對照。
A10: 2. 把黃色的水分數據改成你自己實驗的 3–5 次重複測定，所有結果會自動重算。
A11: 3.「準確度與相對誤差」：把黃色的『真值』改一改，看 Eabs、%Erel 怎麼跟著變、正負號怎麼變。
A12: 4.「乾物質習題」：練習同一套公式，同時觀察 82.20 這筆數字對平均與 SD 的影響有多大。
A13: 5.「對照R答案」工作表會核對 Excel 算出來的與 R 的答案是否一致。
... A21: 精密度好（SD、CV 小）不代表準確：要有已知真值（標準品、CRM）才能算 Eabs／%Erel、談準確度；相對誤差要用『真值』當分母，不是用測得值。

Sheet 描述統計
A1: 水分 (%)
A2: 64.53
A3: 64.45
A4: 65.1
A5: 64.78
A7: 項目 | B7: 結果 | C7: 公式 | D7: 說明
A8: n（重複次數） | B8: =COUNT(A2:A5) | C8: '=COUNT(A2:A5) | D8: 數一數有幾個數據
A9: 平均數 x̄ | B9: =AVERAGE(A2:A5) | C9: '=AVERAGE(A2:A5) | D9: 報告要寫的『共識值』
A10: 中位數 | B10: =MEDIAN(A2:A5) | C10: '=MEDIAN(A2:A5) | D10: 由小到大排中間的值，對極端值較不敏感
A11: 標準差 SD | B11: =_xlfn.STDEV.S(A2:A5) | C11: '=STDEV.S(A2:A5) | D11: 數據彼此合不合群；分母是 n−1
A12: 變異係數 CV% | B12: =B11/B9*100 | C12: '=B11/B9*100 | D12: SD÷平均×100；不是平均÷SD！
A13: 全距 Range | B13: =MAX(A2:A5)-MIN(A2:A5) | C13: '=MAX(A2:A5)-MIN(A2:A5) | D13: 最大−最小，只是參考用
A15: 報告寫法：64.72 ± 0.29 %（mean ± SD，n=4）；CV=0.45%，精密度良好（經驗法則 CV<5%）。

Sheet 準確度與相對誤差
A1: 項目 | B1: 結果 | C1: 公式 | D1: 說明
A2: 平均數 x̄（引用描述統計） | B2: ='描述統計'!B9 | C2: '='描述統計'!B9 | D2: 與左表同一組水分數據
A3: 真值 T（標準品） | B3: 65.05 | D3: 可以改成你自己方法確效用的標準品真值
A4: 絕對誤差 Eabs | B4: =B2-B3 | C4: '=B2-B3 | D4: 測得值−真值；負號＝結果偏低
A5: 相對誤差 %Erel | B5: =B4/B3*100 | C5: '=B4/B3*100 | D5: Eabs÷真值×100（分母一定是真值，不是測得值）
A7: 正負號要保留：−0.51% 代表結果偏低 0.51%，方向資訊很重要，不能只看絕對值。

Sheet 乾物質習題
A1: 乾物質 (%)
A2: 88.62
A3: 88.74
A4: 89.2
A5: 82.2
A7: 項目 | B7: 結果 | C7: 公式 | D7: 說明
A8: n（重複次數） | B8: =COUNT(A2:A5) | C8: '=COUNT(A2:A5)
A9: 平均數 x̄ | B9: =AVERAGE(A2:A5) | C9: '=AVERAGE(A2:A5)
A10: 標準差 SD | B10: =_xlfn.STDEV.S(A2:A5) | C10: '=STDEV.S(A2:A5)
A11: 變異係數 CV% | B11: =B10/B9*100 | C11: '=B10/B9*100 | D11: CV<5% 但 82.20 看起來特別低……
A13: 82.20 是不是異常值？CV 看起來還算可以（<5%），但這是因為平均與 SD 都被它拖動了。先別急著刪——第 5 章的 Dixon Q 檢定會給你客觀的答案（劇透：可以捨棄，捨棄後 mean=88.85、SD=0.31）。

Sheet 對照R答案
A1: 項目 | B1: Excel 算出來 | C1: R 的答案 | D1: 一致？ | E1: 來源儲存格
A2: 水分平均數 x̄ | B2: ='描述統計'!B9 | C2: 64.715 | D2: =IF(ABS(B2-C2)<=0.032357500000000004,"✓","✗") | E2: '描述統計'!B9
A3: 水分標準差 SD | B3: ='描述統計'!B11 | C3: 0.29263174 | D3: =IF(ABS(B3-C3)<=0.00014631586835792202,"✓","✗") | E3: '描述統計'!B11
A4: 水分變異係數 CV% | B4: ='描述統計'!B12 | C4: 0.45218533 | D4: =IF(ABS(B4-C4)<=0.000226092665313949,"✓","✗") | E4: '描述統計'!B12
A5: 相對誤差 %Erel（真值65.05） | B5: ='準確度與相對誤差'!B5 | C5: -0.51498847 | D5: =IF(ABS(B5-C5)<=0.0002574942352036845,"✓","✗") | E5: '準確度與相對誤差'!B5
A6: 乾物質平均數 x̄ | B6: ='乾物質習題'!B9 | C6: 87.19 | D6: =IF(ABS(B6-C6)<=0.043595,"✓","✗") | E6: '乾物質習題'!B9
A7: 乾物質標準差 SD | B7: ='乾物質習題'!B10 | C7: 3.3360456 | D7: =IF(ABS(B7-C7)<=0.001668022781619005,"✓","✗") | E7: '乾物質習題'!B10
A8: 乾物質變異係數 CV% | B8: ='乾物質習題'!B11 | C8: 3.8261791 | D8: =IF(ABS(B8-C8)<=0.001913089553410945,"✓","✗") | E8: '乾物質習題'!B11
A10: 如果你改了黃色儲存格的數據，這裡當然會變成 ✗——那是因為 R 的答案是用原始教材數據算的。
