Workbook

Sheet 說明
A1: Ch2 常態分配與信賴區間：用 Excel 算 95% 信賴區間
A2: 對應網頁：ch02.html ｜ 黃色儲存格＝可以改成你自己的數據；其他是公式，請不要直接覆蓋。
A4: 這本活頁簿在做什麼
A5: 漢堡生肉水分含量測了 4 次（Nielsen Table 4.1）。我們要回答：真值最可能落在哪個範圍？
A6: 「CI計算」工作表一步一步算出平均、標準差、標準誤、t 值、95% 信賴區間；「68-95-99.7」驗證常態分配的面積口訣。
A7: 怎麼用
A8: 1. 先看「CI計算」：左邊黃色是原始數據，右邊每一列都是一個公式，C 欄把公式原文印出來給你對照。
A9: 2. 試著把黃色數據改成你自己實驗的 4 次重複，所有結果會自動重算。
A10: 3. 把 B13 的信心水準 0.95 改成 0.99，看區間變寬還是變窄。
A11: 4.「對照R答案」工作表會核對 Excel 與 R 算出來是否一致。
A12: 為什麼 n 很小要用 t 而不是 Z
A13: 只測 4 次時，樣本標準差本身就不太準；t 分布用比較大的乘數（3.182 而不是 1.96）把這份不確定補回來。

Sheet CI計算
A1: 水分 (%)
A2: 64.53
A3: 64.45
A4: 65.1
A5: 64.78
A7: 項目 | B7: 結果 | C7: 公式 | D7: 白話說明
A8: n（重複次數） | B8: =COUNT(A2:A5) | C8: '=COUNT(A2:A5) | D8: 數一數有幾個數據
A9: 平均 x̄ | B9: =AVERAGE(A2:A5) | C9: '=AVERAGE(A2:A5) | D9: 結果「在哪裡」
A10: 標準差 SD | B10: =_xlfn.STDEV.S(A2:A5) | C10: '=STDEV.S(A2:A5) | D10: 數據有多散；分母是 n−1
A11: 標準誤 SEM | B11: =B10/SQRT(B8) | C11: '=B10/SQRT(B8) | D11: 平均值本身有多不確定：SD ÷ √n
A12: 自由度 df | B12: =B8-1 | C12: '=B8-1 | D12: n − 1
A13: 信心水準 | B13: 0.95 | D13: 可以改成 0.90 或 0.99 試試
A14: t 值（雙尾） | B14: =_xlfn.T.INV.2T(1-B13,B12) | C14: '=T.INV.2T(1-B13,B12) | D14: T.INV.2T 直接給雙尾的 t；α = 1 − 信心水準
A15: CI 半寬 | B15: =B14*B11 | C15: '=B14*B11 | D15: t × SEM
A16: CI 下限 | B16: =B9-B15 | C16: '=B9-B15
A17: CI 上限 | B17: =B9+B15 | C17: '=B9+B15
A18: 用 Z=1.96 會算成 | B18: =_xlfn.NORM.S.INV(0.975)*B11 | C18: '=NORM.S.INV(0.975)*B11 | D18: 小樣本誤用 Z 會讓區間窄得不合理（這是常見迷思）
A20: 報告寫法：64.72 ± 0.47 %（95%, n=4）。一定要附信心水準與 n。

Sheet 68-95-99.7
A1: 範圍 | B1: 面積 | C1: 公式 | D1: 白話說明
A2: ±1 SD | B2: =_xlfn.NORM.S.DIST(1,TRUE)-_xlfn.NORM.S.DIST(-1,TRUE) | C2: '=NORM.S.DIST(1,TRUE)-NORM.S.DIST(-1,TRUE) | D2: 約 68%
A3: ±2 SD | B3: =_xlfn.NORM.S.DIST(2,TRUE)-_xlfn.NORM.S.DIST(-2,TRUE) | C3: '=NORM.S.DIST(2,TRUE)-NORM.S.DIST(-2,TRUE) | D3: 約 95%
A4: ±3 SD | B4: =_xlfn.NORM.S.DIST(3,TRUE)-_xlfn.NORM.S.DIST(-3,TRUE) | C4: '=NORM.S.DIST(3,TRUE)-NORM.S.DIST(-3,TRUE) | D4: 約 99.7%

Sheet 對照R答案
A1: 項目 | B1: Excel 算出來 | C1: R 的答案 | D1: 一致？ | E1: 來源儲存格
A2: 平均 | B2: ='CI計算'!B9 | C2: 64.715 | D2: =IF(ABS(B2-C2)<=0.032357500000000004,"✓","✗") | E2: 'CI計算'!B9
A3: 標準差 SD | B3: ='CI計算'!B10 | C3: 0.2926317 | D3: =IF(ABS(B3-C3)<=0.00014631585,"✓","✗") | E3: 'CI計算'!B10
A4: t 值 (df=3, 95%) | B4: ='CI計算'!B14 | C4: 3.182446 | D4: =IF(ABS(B4-C4)<=0.0015912230000000001,"✓","✗") | E4: 'CI計算'!B14
A5: 95% CI 半寬 | B5: ='CI計算'!B15 | C5: 0.4656424 | D5: =IF(ABS(B5-C5)<=0.0002328212,"✓","✗") | E5: 'CI計算'!B15
A6: CI 下限 | B6: ='CI計算'!B16 | C6: 64.24936 | D6: =IF(ABS(B6-C6)<=0.032124679999999996,"✓","✗") | E6: 'CI計算'!B16
A7: CI 上限 | B7: ='CI計算'!B17 | C7: 65.18064 | D7: =IF(ABS(B7-C7)<=0.03259032,"✓","✗") | E7: 'CI計算'!B17
A8: ±1 SD 面積 | B8: ='68-95-99.7'!B2 | C8: 0.6826895 | D8: =IF(ABS(B8-C8)<=0.00034134475,"✓","✗") | E8: '68-95-99.7'!B2
A9: ±2 SD 面積 | B9: ='68-95-99.7'!B3 | C9: 0.9544997 | D9: =IF(ABS(B9-C9)<=0.00047724985,"✓","✗") | E9: '68-95-99.7'!B3
A11: 如果你改了黃色儲存格的數據，這裡當然會變成 ✗——那是因為 R 的答案是用原始教材數據算的。
