Workbook

Sheet 說明
A1: Ch3 方法能力指標與品質管制：LOD/LOQ、MDL、Shewhart 與 CuSum 管制圖
A2: 對應網頁：ch03.html ｜ 黃色儲存格＝可以改成你自己的數據；其他是公式，請不要直接覆蓋。
A4: 這本活頁簿在做什麼
A5: 「LOD_LOQ」工作表：對空白樣品測 20 次，用空白的平均與標準差算出偵測極限 LOD（X̄+3s）與定量極限 LOQ（X̄+10s）。
A6: 「MDL」工作表：用 7 次加標基質樣品的重複，依 EPA 定義算方法偵測極限 MDL = t(n−1,0.99)×SD。
A7: 「Shewhart_CuSum」工作表：25 天的 QC 標準品（蛋白質 12.00%）監控數據——這組數據不是隨手打的，是 R 用 set.seed(7) 產生後，人為加入第 8~11 天的系統性漂移（+0.28%）與第 18 天的單點爆表（12.62%），目的是讓你同時練到「連續同側」與「單點超界」兩種訊號。管制界限用固定的歷史 s=0.15，並用 IF 公式自動標記哪些天超出 ±2s 警告界限、哪些天超出 ±3s 行動界限；CuSum 欄用累加公式，示範它比 Shewhart 更早抓到微小漂移。
A8: 怎麼用
A9: 1. 黃色是原始數據（空白讀值、加標讀值、QC 值），其他都是活公式，C 欄印出公式原文對照。
A10: 2.「Shewhart_CuSum」把 B2 的目標值、B3 的歷史 s 改一改，看警告線／行動線怎麼跟著平移或變寬變窄。
A11: 3. 試著把某一天的 QC 值改到超過 12.45 或低於 11.55，看 D 欄的判定欄位會不會自動跳出「超出±3s」。
A12: 4.「對照R答案」工作表核對 Excel 算出來的與 R 的答案是否一致。
A13: 用 Excel 資料分析工具箱算敘述統計（選用）
... A19: 另一個重點：管制圖不是只看『有沒有點超出 ±3s』——連續多點落在中心線同側（本例第 7~16 天）本身就是系統性偏移的訊號，CuSum 欄的累加曲線會比 Shewhart 更早、更明顯地把這種小漂移顯示出來。

Sheet LOD_LOQ
A1: 空白讀值 (mg/L)
A2: 0.011
A3: 0.0068
A4: 0.0088
A5: 0.0094
A6: 0.0089
A7: 0.0078
A8: 0.0113
A9: 0.0078
A10: 0.0124
A11: 0.0079
A12: 0.0109
A13: 0.013
... A21: 0.0109
A23: 項目 | B23: 結果 | C23: 公式 | D23: 說明
A24: n（空白測定次數） | B24: =COUNT(A2:A21) | C24: '=COUNT(A2:A21)
A25: 空白平均 X̄Blk | B25: =AVERAGE(A2:A21) | C25: '=AVERAGE(A2:A21) | D25: X̄_Blk
A26: 空白標準差 sBlk | B26: =_xlfn.STDEV.S(A2:A21) | C26: '=STDEV.S(A2:A21) | D26: s_Blk（n−1）
A27: 偵測極限 LOD | B27: =B25+3*B26 | C27: '=B25+3*B26 | D27: X̄Blk + 3×sBlk（Nielsen式4.19）
A28: 定量極限 LOQ | B28: =B25+10*B26 | C28: '=B25+10*B26 | D28: X̄Blk + 10×sBlk
A30: 解讀：低於 LOD → 報「未檢出 ND」；LOD~LOQ 之間只能定性、數字不可靠；高於 LOQ 才能安心報定量值。

Sheet MDL
A1: 加標基質讀值 (mg/L)
A2: 1.02
A3: 0.98
A4: 1.05
A5: 0.99
A6: 1.01
A7: 0.97
A8: 1.03
A10: 項目 | B10: 結果 | C10: 公式 | D10: 說明
A11: n（加標重複次數） | B11: =COUNT(A2:A8) | C11: '=COUNT(A2:A8) | D11: EPA 定義要求 n≥7
A12: 加標平均 | B12: =AVERAGE(A2:A8) | C12: '=AVERAGE(A2:A8)
A13: 加標標準差 SD | B13: =_xlfn.STDEV.S(A2:A8) | C13: '=STDEV.S(A2:A8)
A14: t(n−1, 0.99) 單尾 | B14: =_xlfn.T.INV(0.99,B11-1) | C14: '=T.INV(0.99,B11-1) | D14: R 的 qt(0.99,6) 是單尾 99% 分位數，Excel 要用單尾的 T.INV(機率,自由度)，不是雙尾的 T.INV.2T！
A15: 方法偵測極限 MDL | B15: =B14*B13 | C15: '=B14*B13 | D15: t(n-1,0.99) × SD，涵蓋整個方法流程的變異
A17: MDL 用『含分析物的真實基質樣品』重複分析，比只看空白雜訊的 LOD 更嚴謹，涵蓋萃取、淨化、上機整個流程的變異。

Sheet Shewhart_CuSum
A1: 項目 | B1: 結果 | C1: 公式 | D1: 說明
A2: 目標值（中心線 CL） | B2: 12 | D2: QC 標準品的已知蛋白質% 標示值
A3: 歷史 s（方法確效期得到） | B3: 0.15 | D3: 固定值！不要用本批 QC 的 STDEV，否則異常點會把界限一起拉寬
A4: 上警告界限 UWL (+2s) | B4: =B2+2*B3 | C4: '=B2+2*B3
A5: 下警告界限 LWL (−2s) | B5: =B2-2*B3 | C5: '=B2-2*B3
A6: 上行動界限 UAL (+3s) | B6: =B2+3*B3 | C6: '=B2+3*B3
A7: 下行動界限 LAL (−3s) | B7: =B2-3*B3 | C7: '=B2-3*B3
A9: 分析日 | B9: QC值(%) | C9: CuSum累積偏差 | D9: 判定
A10: 1 | B10: 12.343 | C10: =B10-B2 | D10: =IF(OR(B10>B6,B10<B7),"超出±3s(行動)",IF(OR(B10>B4,B10<B5),"超出±2s(警告)","正常"))
A11: 2 | B11: 11.82 | C11: =C10+(B11-B2) | D11: =IF(OR(B11>B6,B11<B7),"超出±3s(行動)",IF(OR(B11>B4,B11<B5),"超出±2s(警告)","正常"))
A12: 3 | B12: 11.896 | C12: =C11+(B12-B2) | D12: =IF(OR(B12>B6,B12<B7),"超出±3s(行動)",IF(OR(B12>B4,B12<B5),"超出±2s(警告)","正常"))
A13: 4 | B13: 11.938 | C13: =C12+(B13-B2) | D13: =IF(OR(B13>B6,B13<B7),"超出±3s(行動)",IF(OR(B13>B4,B13<B5),"超出±2s(警告)","正常"))
A14: 5 | B14: 11.854 | C14: =C13+(B14-B2) | D14: =IF(OR(B14>B6,B14<B7),"超出±3s(行動)",IF(OR(B14>B4,B14<B5),"超出±2s(警告)","正常"))
A15: 6 | B15: 11.858 | C15: =C14+(B15-B2) | D15: =IF(OR(B15>B6,B15<B7),"超出±3s(行動)",IF(OR(B15>B4,B15<B5),"超出±2s(警告)","正常"))
A16: 7 | B16: 12.112 | C16: =C15+(B16-B2) | D16: =IF(OR(B16>B6,B16<B7),"超出±3s(行動)",IF(OR(B16>B4,B16<B5),"超出±2s(警告)","正常"))
A17: 8 | B17: 12.262 | C17: =C16+(B17-B2) | D17: =IF(OR(B17>B6,B17<B7),"超出±3s(行動)",IF(OR(B17>B4,B17<B5),"超出±2s(警告)","正常"))
A18: 9 | B18: 12.303 | C18: =C17+(B18-B2) | D18: =IF(OR(B18>B6,B18<B7),"超出±3s(行動)",IF(OR(B18>B4,B18<B5),"超出±2s(警告)","正常"))
A19: 10 | B19: 12.608 | C19: =C18+(B19-B2) | D19: =IF(OR(B19>B6,B19<B7),"超出±3s(行動)",IF(OR(B19>B4,B19<B5),"超出±2s(警告)","正常"))
A20: 11 | B20: 12.334 | C20: =C19+(B20-B2) | D20: =IF(OR(B20>B6,B20<B7),"超出±3s(行動)",IF(OR(B20>B4,B20<B5),"超出±2s(警告)","正常"))
A21: 12 | B21: 12.408 | C21: =C20+(B21-B2) | D21: =IF(OR(B21>B6,B21<B7),"超出±3s(行動)",IF(OR(B21>B4,B21<B5),"超出±2s(警告)","正常"))
A22: 13 | B22: 12.342 | C22: =C21+(B22-B2) | D22: =IF(OR(B22>B6,B22<B7),"超出±3s(行動)",IF(OR(B22>B4,B22<B5),"超出±2s(警告)","正常"))
A23: 14 | B23: 12.049 | C23: =C22+(B23-B2) | D23: =IF(OR(B23>B6,B23<B7),"超出±3s(行動)",IF(OR(B23>B4,B23<B5),"超出±2s(警告)","正常"))
A24: 15 | B24: 12.284 | C24: =C23+(B24-B2) | D24: =IF(OR(B24>B6,B24<B7),"超出±3s(行動)",IF(OR(B24>B4,B24<B5),"超出±2s(警告)","正常"))
A25: 16 | B25: 12.07 | C25: =C24+(B25-B2) | D25: =IF(OR(B25>B6,B25<B7),"超出±3s(行動)",IF(OR(B25>B4,B25<B5),"超出±2s(警告)","正常"))
A26: 17 | B26: 11.866 | C26: =C25+(B26-B2) | D26: =IF(OR(B26>B6,B26<B7),"超出±3s(行動)",IF(OR(B26>B4,B26<B5),"超出±2s(警告)","正常"))
A27: 18 | B27: 12.62 | C27: =C26+(B27-B2) | D27: =IF(OR(B27>B6,B27<B7),"超出±3s(行動)",IF(OR(B27>B4,B27<B5),"超出±2s(警告)","正常"))
A28: 19 | B28: 11.999 | C28: =C27+(B28-B2) | D28: =IF(OR(B28>B6,B28<B7),"超出±3s(行動)",IF(OR(B28>B4,B28<B5),"超出±2s(警告)","正常"))
A29: 20 | B29: 12.148 | C29: =C28+(B29-B2) | D29: =IF(OR(B29>B6,B29<B7),"超出±3s(行動)",IF(OR(B29>B4,B29<B5),"超出±2s(警告)","正常"))
A30: 21 | B30: 12.126 | C30: =C29+(B30-B2) | D30: =IF(OR(B30>B6,B30<B7),"超出±3s(行動)",IF(OR(B30>B4,B30<B5),"超出±2s(警告)","正常"))
A31: 22 | B31: 12.106 | C31: =C30+(B31-B2) | D31: =IF(OR(B31>B6,B31<B7),"超出±3s(行動)",IF(OR(B31>B4,B31<B5),"超出±2s(警告)","正常"))
A32: 23 | B32: 12.196 | C32: =C31+(B32-B2) | D32: =IF(OR(B32>B6,B32<B7),"超出±3s(行動)",IF(OR(B32>B4,B32<B5),"超出±2s(警告)","正常"))
A33: 24 | B33: 11.792 | C33: =C32+(B33-B2) | D33: =IF(OR(B33>B6,B33<B7),"超出±3s(行動)",IF(OR(B33>B4,B33<B5),"超出±2s(警告)","正常"))
A34: 25 | B34: 12.191 | C34: =C33+(B34-B2) | D34: =IF(OR(B34>B6,B34<B7),"超出±3s(行動)",IF(OR(B34>B4,B34<B5),"超出±2s(警告)","正常"))
A36: 判讀口訣：① 任一點超出±3s→立即停線找根本原因；② 連續7點同側或連續升降→系統性漂移（即使沒超界）；③ 只超±2s未超±3s→提高警覺、加測確認。CuSum 欄從第8天開始明顯轉正並持續攀升——比 Shewhart 的判定欄（要到第10天才出現「超出±3s」）更早顯示系統性漂移。

Sheet 對照R答案
A1: 項目 | B1: Excel 算出來 | C1: R 的答案 | D1: 一致？ | E1: 來源儲存格
A2: 空白平均 X̄Blk | B2: ='LOD_LOQ'!B25 | C2: 0.008425 | D2: =IF(ABS(B2-C2)<=4.2125e-06,"✓","✗") | E2: 'LOD_LOQ'!B25
A3: 空白標準差 sBlk | B3: ='LOD_LOQ'!B26 | C3: 0.0028798529 | D3: =IF(ABS(B3-C3)<=1.4399264418347e-06,"✓","✗") | E3: 'LOD_LOQ'!B26
A4: 偵測極限 LOD | B4: ='LOD_LOQ'!B27 | C4: 0.017064559 | D4: =IF(ABS(B4-C4)<=8.5322793255041e-06,"✓","✗") | E4: 'LOD_LOQ'!B27
A5: 定量極限 LOQ | B5: ='LOD_LOQ'!B28 | C5: 0.037223529 | D5: =IF(ABS(B5-C5)<=1.8611764418347e-05,"✓","✗") | E5: 'LOD_LOQ'!B28
A6: 方法偵測極限 MDL | B6: ='MDL'!B15 | C6: 0.090201127 | D6: =IF(ABS(B6-C6)<=4.5100563451982946e-05,"✓","✗") | E6: 'MDL'!B15
A7: t(6,0.99) 單尾 | B7: ='MDL'!B14 | C7: 3.1426684 | D7: =IF(ABS(B7-C7)<=0.0015713342016454902,"✓","✗") | E7: 'MDL'!B14
A8: CuSum 第8天累積偏差 | B8: ='Shewhart_CuSum'!C17 | C8: 0.083 | D8: =IF(ABS(B8-C8)<=1e-06,"✓","✗") | E8: 'Shewhart_CuSum'!C17
A9: CuSum 第25天累積偏差 | B9: ='Shewhart_CuSum'!C34 | C9: 3.525 | D9: =IF(ABS(B9-C9)<=1e-06,"✓","✗") | E9: 'Shewhart_CuSum'!C34
A10: QC 第10天讀值（資料核對） | B10: ='Shewhart_CuSum'!B19 | C10: 12.608 | D10: =IF(ABS(B10-C10)<=1e-09,"✓","✗") | E10: 'Shewhart_CuSum'!B19
A12: 如果你改了黃色儲存格的數據，這裡當然會變成 ✗——那是因為 R 的答案是用原始教材數據算的。
