Workbook

Sheet 說明
A1: Ch5 有效數字取位與異常值檢定：Dixon Q 與 Grubbs 檢定
A2: 對應網頁：ch05.html ｜ 黃色儲存格＝可以改成你自己的數據；其他是公式，請不要直接覆蓋。
A4: 這本活頁簿在做什麼
A5: 「有效數字取位」工作表：示範乘除看『有效位數最少』、加減看『小數位數最少』的取位規則，以及課本經典的稀釋倍數陷阱（50 當成 1 位有效數字 vs 正確的 50.0）。
A6: 「DixonQ檢定」工作表：用 Q=gap/全距 判斷可疑值能不能捨棄，臨界值查表用 INDEX/MATCH 依 n 自動取值（不用每次手動翻書）。示範水分 5 筆（含可疑值 55.31）與乾物質習題 4 筆兩個案例。
A7: 「Grubbs檢定」工作表：用 G=|可疑值−平均|/SD 判斷，臨界值查表用 VLOOKUP 依 n 取值——這張查表不是查課本（Grubbs 臨界值課本沒有列），而是用 R 的 grubbs_crit() 公式（t 分布近似）實際算出來後填進表裡，比 Excel 內建函數更穩定、也不用每次重新設定公式。
A8: 怎麼用
A9: 1. 黃色是原始數據，其他都是活公式，C 欄印出公式原文對照。
A10: 2.「DixonQ檢定」「Grubbs檢定」都把可疑值改一改（例如把 55.31 改成 60），看判定欄會不會從「可剔除」變回「保留」。
A11: 3.「對照R答案」工作表核對 Excel 算出來的與 R 的答案是否一致。
A12: 資料分析工具箱：這一章沒有直接對應的功能
A13: Dixon Q 檢定與 Grubbs 檢定都不是 Excel『資料分析工具箱』裡的項目（工具箱只有敘述統計、t/F 檢定、ANOVA、迴歸等）。工具箱裡唯一用得上的是『敘述統計』，可以幫你快速算出平均值、標準差，但查臨界值、算 Q 或 G、下判定，還是要靠本活頁簿的 INDEX/MATCH、VLOOKUP 與 IF 公式（或直接用 R）。
... A16: Q 檢定、Grubbs 檢定拒絕 H0（判定為異常值）不等於可以直接刪數據——必須同時有『可追溯的操作失誤紀錄』與『統計檢定支持』，兩者兼備才可刪除，且要在報告中揭露；純粹用統計理由拒絕數值通常不明智（QUAM §2.4.13）。

Sheet 有效數字取位
A1: 項目 | B1: 結果 | C1: 公式 | D1: 說明
A2: 36.54×238×1.1 取有效數字 | B2: =ROUND(9566.172,2-1-INT(LOG10(ABS(9566.172)))) | C2: '=ROUND(9566.172,2-1-INT(LOG10(ABS(9566.172)))) | D2: 9566.172 中 1.1 只有 2 位有效數字，乘除看最少的那一項
A3: 0.01672 取3位有效數字 | B3: =ROUND(0.01672,3-1-INT(LOG10(ABS(0.01672)))) | C3: '=ROUND(0.01672,3-1-INT(LOG10(ABS(0.01672)))) | D3: 前導零不算有效位數
A4: 7.45+8.725 (加法看小數位) | B4: =ROUND(7.45+8.725,2) | C4: '=ROUND(7.45+8.725,2) | D4: 7.45 只有 2 位小數，加減法取位看小數位數最少的一項
A5: 咖啡因43.5稀釋『50』(誤當1位) | B5: =ROUND(43.5*50,1-1-INT(LOG10(ABS(43.5*50)))) | C5: '=ROUND(43.5*50,1-1-INT(LOG10(ABS(43.5*50)))) | D5: 把稀釋倍數50當成1位有效數字 → 嚴重低估！
A6: 咖啡因43.5稀釋『50.0』(正確3位) | B6: =ROUND(43.5*50,3-1-INT(LOG10(ABS(43.5*50)))) | C6: '=ROUND(43.5*50,3-1-INT(LOG10(ABS(43.5*50)))) | D6: A級容量瓶配製，50.0才是正確的有效數字位數
A8: 取位公式 =ROUND(數值, 位數−1−INT(LOG10(ABS(數值)))) 可以直接指定『要留幾位有效數字』，不用自己數小數點在哪。務必先算完全部步驟，最後才四捨五入一次。

Sheet DixonQ檢定
A1: n | B1: Q0.90 臨界值
A2: 3 | B2: 0.94
A3: 4 | B3: 0.76
A4: 5 | B4: 0.64
A5: 6 | B5: 0.56
A6: 7 | B6: 0.51
A7: 8 | B7: 0.47
A8: 9 | B8: 0.44
A9: 10 | B9: 0.41
A10: 上表是 Nielsen Table 4.4 的 90% 信賴 Dixon Q 臨界值（查課本表格得到，非計算值）。
A12: 案例1：水分 5 筆（含可疑低值 55.31）
A13: 排序後數值 (%)
A14: 55.31
A15: 64.45
A16: 64.53
A17: 64.78
A18: 65.1
A20: 項目 | B20: 結果 | C20: 公式 | D20: 說明
A21: n | B21: =COUNT(A14:A18) | C21: '=COUNT(A14:A18)
A22: gap_低值端 = x2−x1 | B22: =A15-A14 | C22: '=A15-A14 | D22: 最小值可疑時的差距
A23: gap_高值端 = xn−xn-1 | B23: =A18-A17 | C23: '=A18-A17 | D23: 最大值可疑時的差距
A24: 全距 W = xn−x1 | B24: =A18-A14 | C24: '=A18-A14
A25: Q值 = MAX(兩端gap)/W | B25: =MAX(B22,B23)/B24 | C25: '=MAX(B22,B23)/B24 | D25: 取兩端較大的那個gap
A26: 查表臨界值 Q0.90 | B26: =INDEX($B$2:$B$9,MATCH(B21,$A$2:$A$9,0)) | C26: '=INDEX($B$2:$B$9,MATCH(B21,$A$2:$A$9,0)) | D26: 依n用INDEX/MATCH查表
A27: 判定 | B27: =IF(B25>B26,"可剔除(異常值)","保留") | C27: '=IF(B25>B26,"可剔除(異常值)","保留")
A29: 案例2：乾物質習題 4 筆（可疑低值 82.20）
A30: 排序後數值 (%)
A31: 82.2
A32: 88.62
A33: 88.74
A34: 89.2
A36: 項目 | B36: 結果 | C36: 公式 | D36: 說明
A37: n | B37: =COUNT(A31:A34) | C37: '=COUNT(A31:A34)
A38: gap_低值端 | B38: =A32-A31 | C38: '=A32-A31
A39: gap_高值端 | B39: =A34-A33 | C39: '=A34-A33
A40: 全距 W | B40: =A34-A31 | C40: '=A34-A31
A41: Q值 | B41: =MAX(B38,B39)/B40 | C41: '=MAX(B38,B39)/B40
A42: 查表臨界值 Q0.90 | B42: =INDEX($B$2:$B$9,MATCH(B37,$A$2:$A$9,0)) | C42: '=INDEX($B$2:$B$9,MATCH(B37,$A$2:$A$9,0))
A43: 判定 | B43: =IF(B41>B42,"可剔除(異常值)","保留") | C43: '=IF(B41>B42,"可剔除(異常值)","保留")

Sheet Grubbs檢定
A1: n | B1: Gcrit (α=0.05，R的grubbs_crit()實算)
A2: 3 | B2: 1.1543049
A3: 4 | B3: 1.48125
A4: 5 | B4: 1.7150373
A5: 6 | B5: 1.8871451
A6: 7 | B6: 2.0199685
A7: 8 | B7: 2.1266451
A8: 9 | B8: 2.2150042
A9: 10 | B9: 2.2899541
A10: 上表臨界值不是查課本（Grubbs 臨界值 Nielsen 沒有附表），而是用該章 R 檔的 grubbs_crit(n) （t 分布近似公式）實際算出來後填進去，比每次重打 Excel 公式更不容易出錯。
A12: 乾物質習題 4 筆（原始順序，不用排序）
A13: 乾物質數值 (%) | B13: |xi−平均| 偏差
A14: 88.62 | B14: =ABS(A14-$B$20)
A15: 88.74 | B15: =ABS(A15-$B$20)
A16: 89.2 | B16: =ABS(A16-$B$20)
A17: 82.2 | B17: =ABS(A17-$B$20)
A19: 項目 | B19: 結果 | C19: 公式 | D19: 說明
A20: 平均數 x̄ | B20: =AVERAGE(A14:A17) | C20: '=AVERAGE(A14:A17)
A21: 標準差 SD | B21: =_xlfn.STDEV.S(A14:A17) | C21: '=STDEV.S(A14:A17)
A22: n | B22: =COUNT(A14:A17) | C22: '=COUNT(A14:A17)
A23: G值 = MAX(|偏差|)/SD | B23: =MAX(B14:B17)/B21 | C23: '=MAX(B14:B17)/B21
A24: 查表臨界值 Gcrit | B24: =VLOOKUP(B22,$A$2:$B$9,2,FALSE) | C24: '=VLOOKUP(B22,$A$2:$B$9,2,FALSE) | D24: 依n用VLOOKUP查表
A25: 判定 | B25: =IF(B23>B24,"可剔除(異常值，但差距極小)","保留") | C25: '=IF(B23>B24,"可剔除(異常值，但差距極小)","保留")
A26: 捨棄後平均（用LARGE取最大3筆） | B26: =AVERAGE(LARGE(A14:A17,1),LARGE(A14:A17,2),LARGE(A14:A17,3)) | C26: '=AVERAGE(LARGE(A14:A17,1),LARGE(A14:A17,2),LARGE(A14:A17,3)) | D26: 假設可疑值是最小值時的取巧寫法：LARGE取第1~3大
A27: 捨棄後標準差 | B27: =_xlfn.STDEV.S(LARGE(A14:A17,1),LARGE(A14:A17,2),LARGE(A14:A17,3)) | C27: '=STDEV.S(LARGE(A14:A17,1),LARGE(A14:A17,2),LARGE(A14:A17,3))
A29: 用公式驗算 Gcrit(n=4)（不查表） | B29: =((B22-1)/SQRT(B22))*SQRT((_xlfn.T.INV.2T(0.05/B22,B22-2)^2)/(B22-2+_xlfn.T.INV.2T(0.05/B22,B22-2)^2)) | C29: '=((B22-1)/SQRT(B22))*SQRT((T.INV.2T(0.05/B22,B22-2)^2)/(B22-2+T.INV.2T(0.05/B22,B22-2)^2)) | D29: 應該和查表值 1.48125 一致；Excel 不查表也能直接用 T.INV.2T 公式重現同一個數字

Sheet 對照R答案
A1: 項目 | B1: Excel 算出來 | C1: R 的答案 | D1: 一致？ | E1: 來源儲存格
A2: 有效數字例1 (2位) | B2: ='有效數字取位'!B2 | C2: 9600 | D2: =IF(ABS(B2-C2)<=1e-06,"✓","✗") | E2: '有效數字取位'!B2
A3: 有效數字例3 (加法取位) | B3: ='有效數字取位'!B4 | C3: 16.18 | D3: =IF(ABS(B3-C3)<=1e-06,"✓","✗") | E3: '有效數字取位'!B4
A4: 稀釋誤當1位 (錯誤示範) | B4: ='有效數字取位'!B5 | C4: 2000 | D4: =IF(ABS(B4-C4)<=1e-06,"✓","✗") | E4: '有效數字取位'!B5
A5: 稀釋正確3位 | B5: ='有效數字取位'!B6 | C5: 2180 | D5: =IF(ABS(B5-C5)<=1e-06,"✓","✗") | E5: '有效數字取位'!B6
A6: 水分5筆 Q值 | B6: ='DixonQ檢定'!B25 | C6: 0.93360572 | D6: =IF(ABS(B6-C6)<=0.00046680286006128754,"✓","✗") | E6: 'DixonQ檢定'!B25
A7: 水分5筆 Qcrit(n=5) | B7: ='DixonQ檢定'!B26 | C7: 0.64 | D7: =IF(ABS(B7-C7)<=1e-06,"✓","✗") | E7: 'DixonQ檢定'!B26
A8: 乾物質4筆 Q值 | B8: ='DixonQ檢定'!B41 | C8: 0.91714286 | D8: =IF(ABS(B8-C8)<=0.0004585714285714285,"✓","✗") | E8: 'DixonQ檢定'!B41
A9: 乾物質4筆 Qcrit(n=4) | B9: ='DixonQ檢定'!B42 | C9: 0.76 | D9: =IF(ABS(B9-C9)<=1e-06,"✓","✗") | E9: 'DixonQ檢定'!B42
A10: Grubbs G值 | B10: ='Grubbs檢定'!B23 | C10: 1.4957829 | D10: =IF(ABS(B10-C10)<=0.0007478914639218301,"✓","✗") | E10: 'Grubbs檢定'!B23
A11: Grubbs Gcrit(n=4,查表) | B11: ='Grubbs檢定'!B24 | C11: 1.48125 | D11: =IF(ABS(B11-C11)<=0.000740625,"✓","✗") | E11: 'Grubbs檢定'!B24
A12: Grubbs Gcrit(n=4,公式驗算) | B12: ='Grubbs檢定'!B29 | C12: 1.48125 | D12: =IF(ABS(B12-C12)<=0.000740625,"✓","✗") | E12: 'Grubbs檢定'!B29
A13: 捨棄後平均 | B13: ='Grubbs檢定'!B26 | C13: 88.853333 | D13: =IF(ABS(B13-C13)<=0.04442666666666665,"✓","✗") | E13: 'Grubbs檢定'!B26
A14: 捨棄後標準差 | B14: ='Grubbs檢定'!B27 | C14: 0.306159 | D14: =IF(ABS(B14-C14)<=0.000153079500042734,"✓","✗") | E14: 'Grubbs檢定'!B27
A16: 如果你改了黃色儲存格的數據，這裡當然會變成 ✗——那是因為 R 的答案是用原始教材數據算的。
