Workbook

Sheet 說明
A1: Ch6 量測不確定度的概念：誤差 vs 不確定度
A2: 對應網頁：ch06.html ｜ 黃色儲存格＝可以改成你自己的數據；其他是公式，請不要直接覆蓋。
A4: 這本活頁簿在做什麼
A5: 情境：某方法的真值是 100.0 mg/L，但方法本身有 +2 的系統偏倚(bias)，隨機效應的標準差約 3。「誤差vs不確定度」工作表用 30 次模擬量測（與 R 的 set.seed(123) 完全相同的 30 個數字）示範：「誤差」是單一個看不到的數（觀測值 − 真值），「不確定度」是我們能估計、描述「真值大概落在哪個範圍」的區間。
A6: 「魚骨圖來源→合成」工作表示範 GUM 流程的 Step2→Step4：先把每個不確定度來源（校正曲線、稀釋玻璃器皿、基質效應…）各自換算成標準不確定度 u，再用平方和開根號合成——這就是魚骨圖「支流匯入主流」的數學版本。
A7: 怎麼用
A8: 1.「誤差vs不確定度」裡黃色的 30 個數字是模擬量測值，可以改成你自己的重複測定數據（例如改成 5~10 筆），看平均、SD 怎麼變。
A9: 2. B37 的「真值」是黃色可改——正常實務中你不會知道真值，這裡刻意示範「有真值可對」的模擬情境。
A10: 3.「魚骨圖來源→合成」裡每個來源的數值(B欄)都是黃色，改動後 u、u²、占比、合成 uc 會自動重算。
A11: 4.「對照R答案」核對 Excel 算出來的與 R 算出來的是否一致。
A12: 這章最重要的兩個觀念
A13: 誤差 = 觀測值 − 真值，是一個「有正負號、實務上不可知」的單一數字；隨機誤差可以靠增加重複次數縮小，但系統誤差不會。不確定度是「描述真值可能落在哪個範圍」的參數，永遠是正值、永遠是一段區間；就算不知道真值，也能靠重複量測或既有資訊（證書、規格）估計出來。
... A20: ④ 注意：工具箱輸出的是「當時那次」算出來的固定數字表格，改動 A2:A31 的數據它不會跟著變；本活頁簿的公式版（B35、B36…）改了數據會立刻重算，這是兩者最大的差別。

Sheet 誤差vs不確定度
A1: 模擬量測值 (mg/L)
A2: 100.31857
A3: 101.30947
A4: 106.67612
A5: 102.21152
A6: 102.38786
A7: 107.1452
A8: 103.38275
A9: 98.204816
A10: 99.939441
A11: 100.66301
A12: 105.67225
A13: 103.07944
... A31: 105.76144
A33: 項目 | B33: 結果 | C33: 公式 | D33: 白話說明
A34: n（量測次數） | B34: =COUNT(A2:A31) | C34: '=COUNT(A2:A31) | D34: 數一數有幾筆模擬結果
A35: 觀測平均 | B35: =AVERAGE(A2:A31) | C35: '=AVERAGE(A2:A31) | D35: 30 次模擬結果的平均
A36: SD（不確定度的估計） | B36: =_xlfn.STDEV.S(A2:A31) | C36: '=STDEV.S(A2:A31) | D36: 散布程度；把它當成這批結果的標準不確定度 u
A37: 真值（模擬情境才知道） | B37: 100 | D37: 正常實務中不知道真值；這裡是模擬才能拿來對答案
A38: 誤差 = 平均 − 真值 | B38: =B35-B37 | C38: '=B35-B37 | D38: 單一個數，有正負號，實務上不可知（本例因為是模擬才能算出來）
A39: u（標準不確定度） | B39: =B36 | C39: '=B36 | D39: 把 SD 直接當成這批結果的標準不確定度
A40: 真值可能落在的下限 ≈ 平均 − 2u | B40: =B35-2*B39 | C40: '=B35-2*B39 | D40: 不確定度描述的是「一段區間」，不是單一點
A41: 真值可能落在的上限 ≈ 平均 + 2u | B41: =B35+2*B39 | C41: '=B35+2*B39 | D41: ±2u 只是示範用的粗略涵蓋區間（嚴謹作法在 ch02/ch08）
A43: 重點對照：誤差(38列)是本例才能算出的單一個數，說明「量測結果偏離真值多少」；不確定度(39~41列)是不管知不知道真值都能估計出的區間，說明「真值大概落在哪裡」。隨機誤差（SD）可靠增加重複次數縮小平均值的不確定度（見 ch02 的 SEM=SD/√n）；系統誤差（bias=2.0）不會因為多做幾次就消失，必須靠校正或加回收修正處理。

Sheet 魚骨圖來源→合成
A1: 不確定度來源 | B1: 數值 (s 或 ±a) | C1: 分布 | D1: 除數 | E1: 標準不確定度 u | F1: u² | G1: u² 占比 | H1: 白話說明
A2: 校正曲線內插濃度重複性（3 次進樣，Type A） | B2: 0.12 | C2: Type A（直接用 s） | D2: 1 | E2: =B2/1 | F2: =E2^2 | G2: =F2/$F$8 | H2: 校正曲線每次內插出來的濃度本身就會抖動，直接用重複進樣的 s 當 u
A3: 稀釋用 10 mL 量瓶（證書 ±0.02 mL，極端值罕見） | B3: 0.02 | C3: 三角形 | D3: √6 | E3: =B3/SQRT(6) | F3: =E3^2 | G3: =F3/$F$8 | H3: 有內部查核資料顯示中間值最常見 → 用三角形，除以 √6
A4: 稀釋用 5 mL 移液管（只知道 ±0.03 mL） | B4: 0.03 | C4: 矩形 | D4: √3 | E4: =B4/SQRT(3) | F4: =E4^2 | G4: =F4/$F$8 | H4: 沒有額外資訊，界限內同樣可能出現 → 用矩形，除以 √3（最保守）
A5: 基質效應（經驗估計 ±0.05 mg/L，95% 信賴） | B5: 0.05 | C5: 常態 (95%) | D5: NORM.S.INV(0.975) | E5: =B5/_xlfn.NORM.S.INV(0.975) | F5: =E5^2 | G5: =F5/$F$8 | H5: 明確寫成常態分布的中央 95% 區間 → 除以 1.96
A6: 進樣管路殘留（只知道 ±0.02 mg/L） | B6: 0.02 | C6: 矩形 | D6: √3 | E6: =B6/SQRT(3) | F6: =E6^2 | G6: =F6/$F$8 | H6: 同樣沒有額外資訊 → 矩形分布
A8: 合成（平方和開根號） uc = √Σu² | E8: =SQRT(F8) | F8: =SUM(F2:F6) | H8: F8 是各分量 u² 的總和（Σu²）；E8 開根號後就是合成標準不確定度——這就是「魚骨圖每條支流匯合成一條主流」的算法。

Sheet 對照R答案
A1: 項目 | B1: Excel 算出來 | C1: R 的答案 | D1: 一致？ | E1: 來源儲存格
A2: 觀測平均 | B2: ='誤差vs不確定度'!B35 | C2: 101.85869 | D2: =IF(ABS(B2-C2)<=0.05092934435,"✓","✗") | E2: '誤差vs不確定度'!B35
A3: SD（u） | B3: ='誤差vs不確定度'!B36 | C3: 2.9430921 | D3: =IF(ABS(B3-C3)<=0.0014715460585,"✓","✗") | E3: '誤差vs不確定度'!B36
A4: 誤差 = 平均−真值 | B4: ='誤差vs不確定度'!B38 | C4: 1.8586887 | D4: =IF(ABS(B4-C4)<=0.0009293443660000001,"✓","✗") | E4: '誤差vs不確定度'!B38
A5: 下限 平均−2u | B5: ='誤差vs不確定度'!B40 | C5: 95.972504 | D5: =IF(ABS(B5-C5)<=0.047986252235000006,"✓","✗") | E5: '誤差vs不確定度'!B40
A6: 上限 平均+2u | B6: ='誤差vs不確定度'!B41 | C6: 107.74487 | D6: =IF(ABS(B6-C6)<=0.053872436450000005,"✓","✗") | E6: '誤差vs不確定度'!B41
A7: 魚骨圖合成 uc | B7: ='魚骨圖來源→合成'!E8 | C7: 0.12470282 | D7: =IF(ABS(B7-C7)<=6.235141225e-05,"✓","✗") | E7: '魚骨圖來源→合成'!E8
A8: 量瓶三角形 u | B8: ='魚骨圖來源→合成'!E3 | C8: 0.0081649658 | D8: =IF(ABS(B8-C8)<=4.0824829045e-06,"✓","✗") | E8: '魚骨圖來源→合成'!E3
A9: 基質效應常態95% u | B9: ='魚骨圖來源→合成'!E5 | C9: 0.025510673 | D9: =IF(ABS(B9-C9)<=1.2755336424999999e-05,"✓","✗") | E9: '魚骨圖來源→合成'!E5
A11: 如果你改了黃色儲存格的數據，這裡當然會變成 ✗——那是因為 R 的答案是用原始教材數據算的。
