Workbook

Sheet 說明
A1: Ch7 Type A/B 分布轉換 ＋ 分析天平稱量不確定度預算
A2: 對應網頁：ch07.html ｜ 黃色儲存格＝可以改成你自己的數據；其他是公式，請不要直接覆蓋。
A4: 這本活頁簿在做什麼
A5: 「TypeA_TypeB對照表」把課本教的六種常見換算（Type A 的 s 與 s/√n；Type B 的矩形÷√3、三角÷√6、常態÷k）全部排在一張表，重點是「除以哪個數」。
A6: 「天平稱量預算」用 QUAM Example A1 的鎘標準液配製案例，把讀值解析度、校正線性、重複性三個來源合成成 u(m)，再套進 c(Cd)=1000·m·P/V，看質量／純度／體積三者對最終濃度各貢獻多少。
A7: 「情境比較_稱量1_10」示範同一台天平、稱樣量從 100 mg 改成 10 mg 時，質量項的貢獻怎麼從次要項暴增為主導項——這是分析化學裡「稱樣量太小」最經典的地雷。
A8: 怎麼用
A9: 1.「TypeA_TypeB對照表」黃色是各情境的 s 或 ±a，改了會看到對應 u 重算；留意矩形/三角/常態三種分布的 u 從大到小排列（矩形最保守）。
A10: 2.「天平稱量預算」黃色是三個來源的數值（半寬 a 或重複稱重數據），以及最終 m、P、V；u(m) 算出來後會自動流入下方的濃度貢獻計算。
A11: 3.「情境比較_稱量1_10」的 B2（稱樣量）改成別的數字，看質量貢獻怎麼變化。
A12: 4.「對照R答案」核對所有關鍵結果。
A13: 這章最重要的觀念
... A17: 不確定度預算表本質是「把每個來源的數字填進固定公式」，Analysis ToolPak 沒有專門的「不確定度合成」工具；唯一能借用的是「敘述統計」算 Type A 重複量測的標準差（做法見 ch06 說明頁），其餘 Type B 的換算與最後的平方和合成，都要靠本活頁簿的公式（或 ch08 會用到的 SUMSQ）自己算。

Sheet TypeA_TypeB對照表
A1: 天平重複稱重 (mg)
A2: 1001.2
A3: 1000.8
A4: 1001.5
A5: 1001
A6: 1000.9
A8: 項目 | B8: 結果 | C8: 公式 | D8: 白話說明
A9: n（重複次數） | B9: =COUNT(A2:A6) | C9: '=COUNT(A2:A6)
A10: Type A：u(x) = s（單次量測） | B10: =_xlfn.STDEV.S(A2:A6) | C10: '=STDEV.S(A2:A6) | D10: 直接用重複量測的實驗標準差當標準不確定度
A11: Type A：若結果是平均，u = s/√n | B11: =B10/SQRT(B9) | C11: '=B10/SQRT(B9) | D11: 報「5 次平均」才除以 √n；報單次量測不能除
A13: 校正證書 U（擴展不確定度） | B13: 0.2 | D13: 校正證書直接給的擴展不確定度
A14: 涵蓋因子 k | B14: 2 | D14: 證書上寫的 k
A15: Type B：u = U/k（證書已給 U, k） | B15: =B13/B14 | C15: '=B13/B14 | D15: 已經是擴展不確定度就直接除以 k，不要再除以 √3
A17: 矩形分布 ±a（只知道界限） | B17: 0.2 | D17: 10 mL 量瓶證書 ±0.2 mL，沒有其他資訊
A18: Type B：矩形 u = a/√3 | B18: =B17/SQRT(3) | C18: '=B17/SQRT(3) | D18: 界限內同樣可能出現，最保守
A19: 三角形分布 ±a（極端值罕見） | B19: 0.2 | D19: 同一支量瓶，但內部查核顯示極端值少見
A20: Type B：三角形 u = a/√6 | B20: =B19/SQRT(6) | C20: '=B19/SQRT(6) | D20: 中間值最常見，比矩形不保守
A21: 常態分布 ±a（95% 信賴區間） | B21: 0.2 | D21: 天平讀值 ±0.2 mg，證書明確寫 95% 信賴
A22: Type B：常態 u = a/1.96 | B22: =B21/_xlfn.NORM.S.INV(0.975) | C22: '=B21/NORM.S.INV(0.975) | D22: NORM.S.INV(0.975) 就是雙尾 95% 的 1.96
A24: 同樣的 ±0.2，矩形(0.1155) > 常態95%(0.1020) > 三角形(0.0816)——資訊越明確（知道中間值更常見、或直接給了信賴水準），換算出的 u 越小。

Sheet 天平稱量預算_100mg
A1: 重複稱重 6 次 (mg)
A2: 100.03
A3: 100.08
A4: 100.02
A5: 100.09
A6: 100.04
A7: 100.01
A9: 項目 | B9: 結果 | C9: 公式 | D9: 白話說明
A10: 讀值解析度半寬 a (mg) | B10: 0.005 | D10: 五位天平末位刻度 0.01 mg，半寬 = 0.005 mg
A11: u(讀值解析度) = a/√3 | B11: =B10/SQRT(3) | C11: '=B10/SQRT(3) | D11: 數位顯示的捨入屬矩形分布
A12: 校正線性半寬 a (mg) | B12: 0.05 | D12: 校正證書 ±0.05 mg，極端值罕見
A13: u(校正線性) = a/√6 | B13: =B12/SQRT(6) | C13: '=B12/SQRT(6) | D13: 三角形分布：中間值最常見
A14: n（重複稱重次數） | B14: =COUNT(A2:A7) | C14: '=COUNT(A2:A7)
A15: u(重複性)（Type A，同一物件稱 6 次的 SD） | B15: =_xlfn.STDEV.S(A2:A7) | C15: '=STDEV.S(A2:A7)
A16: 單次稱重（皮重或毛重）合成 u | B16: =SQRT(SUMSQ(B11,B13,B15)) | C16: '=SQRT(SUMSQ(B11,B13,B15)) | D16: 皮重、毛重各稱一次，各自都含這三個來源
A17: 淨重 u(m)：皮重+毛重兩次稱重合成 | B17: =SQRT(2)*B16 | C17: '=SQRT(2)*B16 | D17: 淨重 = 毛重 − 皮重，兩次稱重的變異各自獨立要合成
A19: 來源 | B19: 數值 | C19: 分布 | D19: 除數 | E19: 標準不確定度 u | F19: 相對 u (u/x) | G19: u² 占比
A20: 質量 m (mg) | B20: 100.28 | C20: —（見上方合成） | D20: — | E20: =B17 | F20: =E20/B20 | G20: =F20^2/SUMSQ($F$20:$F$22)
A21: 純度 P（證書純度分數） | B21: 0.9999 | C21: 常態（證書） | D21: — | E21: 5.8e-05 | F21: =E21/B21 | G21: =F21^2/SUMSQ($F$20:$F$22)
A22: 體積 V (mL) | B22: 100 | C22: 常態（含校正+溫度效應） | D22: — | E22: 0.07 | F22: =E22/B22 | G22: =F22^2/SUMSQ($F$20:$F$22)
A24: 項目 | B24: 結果 | C24: 公式 | D24: 白話說明
A25: c(Cd) = 1000·m·P/V (mg/L) | B25: =1000*B20*B21/B22 | C25: '=1000*B20*B21/B22 | D25: 配製出的標準溶液濃度
A26: 相對合成不確定度 uc(y)/y | B26: =SQRT(SUMSQ(F20,F21,F22)) | C26: '=SQRT(SUMSQ(F20,F21,F22)) | D26: 乘除模型：各相對 u 平方和開根號（Rule 2，見 ch08）
A27: 合成標準不確定度 uc (mg/L) | B27: =B25*B26 | C27: '=B25*B26
A28: 質量對濃度的貢獻 | B28: =B25*F20 | C28: '=B25*F20 | D28: |∂y/∂m|·u(m)，用相對 u 乘回 y
A29: 純度對濃度的貢獻 | B29: =B25*F21 | C29: '=B25*F21
A30: 體積對濃度的貢獻 | B30: =B25*F22 | C30: '=B25*F22
A32: 稱 100 mg 時，體積貢獻(0.70) > 質量貢獻(0.55) > 純度貢獻(0.06)——先改善量瓶的精密度，天平反而不是瓶頸。

Sheet 情境比較_稱量1_10
A1: 項目 | B1: 結果 | C1: 公式 | D1: 白話說明
A2: 改稱樣量 (mg)：原本 100 mg，現在只稱 1/10 | B2: 10 | D2: 配製「同樣濃度」的標準液，但只稱 1/10 的量
A3: 同一台天平的 u(m)（連結自「天平稱量預算_100mg」） | B3: ='天平稱量預算_100mg'!B17 | C3: '='天平稱量預算_100mg'!B17 | D3: 天平的絕對不確定度不會因為稱少而變小
A4: 目標濃度 c(Cd)（連結自上一張表） | B4: ='天平稱量預算_100mg'!B25 | C4: '='天平稱量預算_100mg'!B25 | D4: 假設配製流程調整後，仍配到同樣的目標濃度
A5: 稱 1/10 時，質量對濃度的貢獻 | B5: =B4*B3/B2 | C5: '=B4*B3/B2 | D5: 相對不確定度 u(m)/m 放大 10 倍，貢獻也放大約 10 倍
A6: 體積貢獻（不變，供對照） | B6: ='天平稱量預算_100mg'!B30 | C6: '='天平稱量預算_100mg'!B30 | D6: 體積的相對不確定度沒有跟著稱樣量變化
A7: 質量貢獻放大倍數 | B7: =B5/'天平稱量預算_100mg'!B28 | C7: '=B5/'天平稱量預算_100mg'!B28 | D7: 應該接近 10 倍（因為分母 m 直接除以 10）
A9: 稱 100 mg 時質量貢獻(0.55) < 體積貢獻(0.70)；稱 10 mg 時質量貢獻暴增到約 5.48，遠超過體積貢獻——原本次要的天平項變成主導項。這就是為什麼配製低濃度標準液時，「稱樣量太小」是不確定度預算裡最常見的地雷之一。

Sheet 對照R答案
A1: 項目 | B1: Excel 算出來 | C1: R 的答案 | D1: 一致？ | E1: 來源儲存格
A2: Type A：u(x)=s | B2: ='TypeA_TypeB對照表'!B10 | C2: 0.27748874 | D2: =IF(ABS(B2-C2)<=0.00013874436925000001,"✓","✗") | E2: 'TypeA_TypeB對照表'!B10
A3: Type A：u=s/√n | B3: ='TypeA_TypeB對照表'!B11 | C3: 0.12409674 | D3: =IF(ABS(B3-C3)<=6.204836825e-05,"✓","✗") | E3: 'TypeA_TypeB對照表'!B11
A4: Type B：u=U/k | B4: ='TypeA_TypeB對照表'!B15 | C4: 0.1 | D4: =IF(ABS(B4-C4)<=5e-05,"✓","✗") | E4: 'TypeA_TypeB對照表'!B15
A5: Type B：矩形 u=a/√3 | B5: ='TypeA_TypeB對照表'!B18 | C5: 0.11547005 | D5: =IF(ABS(B5-C5)<=5.7735026900000004e-05,"✓","✗") | E5: 'TypeA_TypeB對照表'!B18
A6: Type B：三角形 u=a/√6 | B6: ='TypeA_TypeB對照表'!B20 | C6: 0.081649658 | D6: =IF(ABS(B6-C6)<=4.0824829044999996e-05,"✓","✗") | E6: 'TypeA_TypeB對照表'!B20
A7: Type B：常態 u=a/1.96 | B7: ='TypeA_TypeB對照表'!B22 | C7: 0.10204269 | D7: =IF(ABS(B7-C7)<=5.1021345699999997e-05,"✓","✗") | E7: 'TypeA_TypeB對照表'!B22
A8: u(讀值解析度) | B8: ='天平稱量預算_100mg'!B11 | C8: 0.0028867513 | D8: =IF(ABS(B8-C8)<=1.443375673e-06,"✓","✗") | E8: '天平稱量預算_100mg'!B11
A9: u(校正線性) | B9: ='天平稱量預算_100mg'!B13 | C9: 0.020412415 | D9: =IF(ABS(B9-C9)<=1.020620726e-05,"✓","✗") | E9: '天平稱量預算_100mg'!B13
A10: u(重複性) | B10: ='天平稱量預算_100mg'!B15 | C10: 0.032710854 | D10: =IF(ABS(B10-C10)<=1.6355427235e-05,"✓","✗") | E10: '天平稱量預算_100mg'!B15
A11: 淨重 u(m) | B11: ='天平稱量預算_100mg'!B17 | C11: 0.054680892 | D11: =IF(ABS(B11-C11)<=2.734044623e-05,"✓","✗") | E11: '天平稱量預算_100mg'!B17
A12: c(Cd) | B12: ='天平稱量預算_100mg'!B25 | C12: 1002.6997 | D12: =IF(ABS(B12-C12)<=0.50134986,"✓","✗") | E12: '天平稱量預算_100mg'!B25
A13: 質量貢獻(100mg) | B13: ='天平稱量預算_100mg'!B28 | C13: 0.54675424 | D13: =IF(ABS(B13-C13)<=0.00027337712185000003,"✓","✗") | E13: '天平稱量預算_100mg'!B28
A14: 純度貢獻 | B14: ='天平稱量預算_100mg'!B29 | C14: 0.0581624 | D14: =IF(ABS(B14-C14)<=2.9081200000000002e-05,"✓","✗") | E14: '天平稱量預算_100mg'!B29
A15: 體積貢獻 | B15: ='天平稱量預算_100mg'!B30 | C15: 0.7018898 | D15: =IF(ABS(B15-C15)<=0.00035094490200000003,"✓","✗") | E15: '天平稱量預算_100mg'!B30
A16: 質量貢獻(稱1/10) | B16: ='情境比較_稱量1_10'!B5 | C16: 5.4828516 | D16: =IF(ABS(B16-C16)<=0.002741425778,"✓","✗") | E16: '情境比較_稱量1_10'!B5
A18: 如果你改了黃色儲存格的數據，這裡當然會變成 ✗——那是因為 R 的答案是用原始教材數據算的。
