Workbook

Sheet 說明
A1: Ch8 合成不確定度、擴展不確定度 U 與符合性判定
A2: 對應網頁：ch08.html ｜ 黃色儲存格＝可以改成你自己的數據；其他是公式，請不要直接覆蓋。
A4: 這本活頁簿在做什麼
A5: 「Rule1_加減」與「Rule2_乘除」分別示範 QUAM §8.2.8 的兩個例題：加減模型直接用絕對 u 的平方和開根號；乘除模型改用相對 u（u/x）合成，最後再乘回 y。
A6: 「擴展不確定度_t值」示範 U = k·u_c：一般情況 k=2（約 95%），但當合成不確定度被自由度很小的Type A 項主導時，要改用該項自由度查雙尾 t 值。
A7: 「符合性判定」用 IF 函數實作 QUAM Figure 2 的保守決策規則，輸出「符合／不符合／無法判定」，並附上果汁中鉛的完整小案例。
A8: 怎麼用
A9: 1. 每張表黃色都是可以改的輸入（原始測值與各自的標準不確定度 u）。
A10: 2.「符合性判定」的測值、U、限值都是黃色——試著把 (ii)(iii) 兩個灰色地帶案例的 U 改小，看什麼時候會從「無法判定」變成明確的「符合」或「不符合」。
A11: 3.「對照R答案」核對所有關鍵結果。
A12: 這章最重要的兩個觀念
A13: Rule 1（加減）用絕對 u 的平方和開根號；Rule 2（乘除）一定要先換成相對 u（u/x）合成，算完再乘回 y——絕對值與相對值不能混用。
... A16: 合成不確定度、U=k·uc、符合性判定都是「按固定公式填表」，Analysis ToolPak 沒有對應功能；本章的主角是 SUMSQ（平方和）與 IF（決策規則），兩者都是一般函數，不需要啟用增益集。

Sheet Rule1_加減
A1: 項目 | B1: 結果 | C1: 公式 | D1: 白話說明
A2: p | B2: 5.02 | D2: QUAM §8.2.8 例題1：y=p−q+r
A3: q | B3: 6.45
A4: r | B4: 9.04
A5: u(p) | B5: 0.13
A6: u(q) | B6: 0.05
A7: u(r) | B7: 0.22
A8: y = p − q + r | B8: =B2-B3+B4 | C8: '=B2-B3+B4 | D8: 把三項直接代入模型算 y
A9: 合成 u_c(y) = √(u(p)²+u(q)²+u(r)²) | B9: =SQRT(SUMSQ(B5,B6,B7)) | C9: '=SQRT(SUMSQ(B5,B6,B7)) | D9: Rule 1：絕對 u 直接平方相加再開根號
A10: 擴展不確定度 U = 2·u_c (k=2) | B10: =2*B9 | C10: '=2*B9
A12: y = 7.61 ± 0.52（k=2）。注意 u_c=0.26 比三項中最大的 u(r)=0.22 只多一點——這正是「平方和開根號」比「直接相加」保守但不會過度誇大的原因。

Sheet Rule2_乘除
A1: 項目 | B1: 結果 | C1: 公式 | D1: 白話說明
A2: o | B2: 2.46 | D2: QUAM §8.2.8 例題2：y = o·p/(q·r)
A3: p | B3: 4.32
A4: q | B4: 6.38
A5: r | B5: 2.99
A6: u(o) | B6: 0.02
A7: u(p) | B7: 0.13
A8: u(q) | B8: 0.11
A9: u(r) | B9: 0.07
A10: y = o·p/(q·r) | B10: =B2*B3/(B4*B5) | C10: '=B2*B3/(B4*B5)
A11: 相對 u(o)/o | B11: =B6/B2 | C11: '=B6/B2 | D11: 乘除模型要先換成相對不確定度
A12: 相對 u(p)/p | B12: =B7/B3 | C12: '=B7/B3
A13: 相對 u(q)/q | B13: =B8/B4 | C13: '=B8/B4
A14: 相對 u(r)/r | B14: =B9/B5 | C14: '=B9/B5
A15: 相對合成 u_c(y)/y | B15: =SQRT(SUMSQ(B11,B12,B13,B14)) | C15: '=SQRT(SUMSQ(B11,B12,B13,B14)) | D15: Rule 2：相對 u 平方和開根號
A16: 合成 u_c(y) = y × 相對合成 | B16: =B10*B15 | C16: '=B10*B15 | D16: 算完相對合成，要乘回 y 才是絕對 u_c
A17: 擴展不確定度 U = 2·u_c (k=2) | B17: =2*B16 | C17: '=2*B16
A19: y = 0.557 ± 0.047（k=2）。切記：乘除模型絕對不能直接把 u(o),u(p),u(q),u(r) 平方相加——一定要先各自除以自己的名義值變成相對 u。

Sheet 擴展不確定度_t值
A1: 項目 | B1: 結果 | C1: 公式 | D1: 白話說明
A2: 來源1：其他效應合成 u | B2: 0.01 | D2: QUAM §8.3.4 稱重例
A3: 來源2：重複性 s_obs（Type A，n=5） | B3: 0.08 | D3: 同一樣品稱 5 次的標準差
A4: 主導項的自由度 df = n−1 | B4: 4
A5: 合成 u_c | B5: =SQRT(SUMSQ(B2,B3)) | C5: '=SQRT(SUMSQ(B2,B3))
A6: 若直接用 k = 2（假設自由度足夠大） | B6: 2 | D6: 一般情況的預設值
A7: U（用 k=2 算，可能低估） | B7: =B6*B5 | C7: '=B6*B5 | D7: 當主導項自由度很小時，k=2 不足以達到約 95% 信賴
A8: 改查主導項 df 的雙尾 95% t 值 | B8: =_xlfn.T.INV.2T(0.05,B4) | C8: '=T.INV.2T(0.05,B4) | D8: df=4 → t=2.776，QUAM 表中取 2.8
A9: 正確做法：U = k_t × u_c | B9: =B8*B5 | C9: '=B8*B5
A11: u_c 被自由度只有 4 的 Type A 項主導時，常態近似（k=2≈95%）不可靠；改用該項自由度查雙尾 t 值，U 從 0.161 修正為 0.224（QUAM 課本數字取 2.8×0.081≈0.23）。

Sheet 符合性判定
A1: 項目 | B1: 結果 | C1: 公式 | D1: 白話說明
A2: 重複性 u（Type A） | B2: 0.006 | D2: 果汁中鉛 (Pb) 完整小案例，各分量標準不確定度 (mg/L)
A3: 校正曲線 u | B3: 0.004
A4: 空白 u | B4: 0.002
A5: 體積 u | B5: 0.0015
A6: 回收率 u | B6: 0.005
A7: 合成 u_c(Pb) | B7: =SQRT(SUMSQ(B2,B3,B4,B5,B6)) | C7: '=SQRT(SUMSQ(B2,B3,B4,B5,B6))
A8: Pb 測得結果 (mg/L) | B8: 0.085
A9: 擴展不確定度 U_Pb = 2·u_c | B9: =2*B7 | C9: '=2*B7
A10: 法規限值 (mg/L) | B10: 0.1
A12: 案例 | B12: 測值 result | C12: 擴展不確定度 U | D12: 限值 L | E12: 簡單法則 | F12: 保守規則（QUAM Fig.2）
A13: (i) | B13: 11.5 | C13: 1 | D13: 10 | E13: =IF(B13>D13,"不符合","符合") | F13: =IF(B13-C13>D13,"不符合",IF(B13+C13<=D13,"符合","無法判定"))
A14: (ii) | B14: 10.6 | C14: 1 | D14: 10 | E14: =IF(B14>D14,"不符合","符合") | F14: =IF(B14-C14>D14,"不符合",IF(B14+C14<=D14,"符合","無法判定"))
A15: (iii) | B15: 9.6 | C15: 1 | D15: 10 | E15: =IF(B15>D15,"不符合","符合") | F15: =IF(B15-C15>D15,"不符合",IF(B15+C15<=D15,"符合","無法判定"))
A16: (iv) | B16: 8.8 | C16: 1 | D16: 10 | E16: =IF(B16>D16,"不符合","符合") | F16: =IF(B16-C16>D16,"不符合",IF(B16+C16<=D16,"符合","無法判定"))
A17: 鉛案例 | B17: =B8 | C17: =B9 | D17: =B10 | E17: =IF(B17>D17,"不符合","符合") | F17: =IF(B17-C17>D17,"不符合",IF(B17+C17<=D17,"符合","無法判定"))
A19: (ii)(iii) 在保守規則下都是「無法判定」，簡單法則卻分別判「不符合」與「符合」——結論可能相反，所以決策規則要事先約定。鉛案例：0.085+0.018=0.103>0.10，但 0.085−0.018=0.067 遠低於 0.10，落在灰色地帶。

Sheet 對照R答案
A1: 項目 | B1: Excel 算出來 | C1: R 的答案 | D1: 一致？ | E1: 來源儲存格
A2: Rule1 y | B2: ='Rule1_加減'!B8 | C2: 7.61 | D2: =IF(ABS(B2-C2)<=0.0038050000000000002,"✓","✗") | E2: 'Rule1_加減'!B8
A3: Rule1 uc | B3: ='Rule1_加減'!B9 | C3: 0.26038433 | D3: =IF(ABS(B3-C3)<=0.00013019216564999999,"✓","✗") | E3: 'Rule1_加減'!B9
A4: Rule1 U(k=2) | B4: ='Rule1_加減'!B10 | C4: 0.52076866 | D4: =IF(ABS(B4-C4)<=0.00026038433135,"✓","✗") | E4: 'Rule1_加減'!B10
A5: Rule2 y | B5: ='Rule2_乘除'!B10 | C5: 0.55709208 | D5: =IF(ABS(B5-C5)<=0.00027854604165000003,"✓","✗") | E5: 'Rule2_乘除'!B10
A6: Rule2 相對合成 | B6: ='Rule2_乘除'!B15 | C6: 0.042626515 | D6: =IF(ABS(B6-C6)<=2.1313257695e-05,"✓","✗") | E6: 'Rule2_乘除'!B15
A7: Rule2 uc | B7: ='Rule2_乘除'!B16 | C7: 0.023746894 | D7: =IF(ABS(B7-C7)<=1.1873447135e-05,"✓","✗") | E7: 'Rule2_乘除'!B16
A8: Rule2 U(k=2) | B8: ='Rule2_乘除'!B17 | C8: 0.047493789 | D8: =IF(ABS(B8-C8)<=2.3746894275e-05,"✓","✗") | E8: 'Rule2_乘除'!B17
A9: 稱重例 uc | B9: ='擴展不確定度_t值'!B5 | C9: 0.080622577 | D9: =IF(ABS(B9-C9)<=4.031128874e-05,"✓","✗") | E9: '擴展不確定度_t值'!B5
A10: df=4 雙尾t值 | B10: ='擴展不確定度_t值'!B8 | C10: 2.7764451 | D10: =IF(ABS(B10-C10)<=0.0013882225525000001,"✓","✗") | E10: '擴展不確定度_t值'!B8
A11: 稱重例 U(t值) | B11: ='擴展不確定度_t值'!B9 | C11: 0.22384416 | D11: =IF(ABS(B11-C11)<=0.00011192208030000001,"✓","✗") | E11: '擴展不確定度_t值'!B9
A12: 鉛 uc | B12: ='符合性判定'!B7 | C12: 0.0091241438 | D12: =IF(ABS(B12-C12)<=4.5620718975e-06,"✓","✗") | E12: '符合性判定'!B7
A13: 鉛 U | B13: ='符合性判定'!B9 | C13: 0.018248288 | D13: =IF(ABS(B13-C13)<=9.124143795e-06,"✓","✗") | E13: '符合性判定'!B9
A15: 如果你改了黃色儲存格的數據，這裡當然會變成 ✗——那是因為 R 的答案是用原始教材數據算的。
