Workbook

Sheet 說明
A1: Ch9 進階：Kragten 試算表法與 Monte Carlo 模擬
A2: 對應網頁：ch09.html ｜ 黃色儲存格＝可以改成你自己的數據；其他是公式，請不要直接覆蓋。
A4: 這本活頁簿在做什麼
A5: 案例：配製鎘標準溶液 c(Cd) = 1000·m·P/V（m=質量, P=純度, V=體積），與 ch07 天平案例同一個情境（QUAM Appendix A1）。同一個問題用三種方法各算一次，比較它們是否互相吻合：
A6: 「解析法_Rule2」：偏微分／相對不確定度合成公式（就是 ch08 的 Rule 2）。
A7: 「Kragten表」：完全不用微分——每個輸入量各自加上自己的 u 重新算一次 y，y 的變化量就是那個來源的貢獻，這正是試算表法（Kragten method）的精神，本來就是為 Excel 設計的。
A8: 「MonteCarlo示範」：把每個輸入量當成一個分布，用 NORM.INV(RAND(),μ,σ) 隨機抽 1000 組，直接看 y 的 1000 個模擬結果分布，完全不需要偏微分或除以哪個根號。
A9: 怎麼用
A10: 1.「解析法_Rule2」與「Kragten表」最上面的 m、u(m)、P、u(P)、V、u(V) 都是黃色，改了兩張表都可以各自重算，比較兩種方法算出的 u_c 是否還是幾乎相同。
A11: 2.「Kragten表」的結構：先算「基準」那一列（y0），再看「m+u(m)」「P+u(P)」「V+u(V)」三列各自只改一個輸入重算出的 y，與 y0 的差就是那個來源的貢獻，平方相加開根號就是合成 u_c。
A12: 3.「MonteCarlo示範」每次開檔或按 F9 都會重新抽樣，1000 列的 y_sim 會整批變動——這是正常的，不是公式錯誤。表格下方的平均、標準差、95% 涵蓋區間也會跟著小幅跳動，但應該落在「解析法_Rule2」算出的 u_c≈0.86 附近。
A13: 4. 這張示範表**不放進**「對照R答案」——因為它本質上每次都不一樣，沒有單一個「正確答案」可以核對。
... A17: Kragten 法與 Monte Carlo 本來就是試算表原生的做法（複製一欄改一格；NORM.INV(RAND())灌整欄再用 STDEV.S/PERCENTILE 讀出結果），Analysis ToolPak 沒有專門功能可以取代，但工具箱的「敘述統計」可以用來讀 MonteCarlo示範表 y_sim 欄的平均與標準差（做法見 ch06 說明頁），差別是工具箱只會算「當下按下去那一刻」的結果，不會跟著 F9 重新抽樣一起變動。

Sheet 解析法_Rule2
A1: 項目 | B1: 結果 | C1: 公式 | D1: 白話說明
A2: m：質量 (mg) | B2: 100.28 | D2: QUAM Table A1.1 鎘標準液案例
A3: u(m) | B3: 0.05
A4: P：純度（分數） | B4: 0.9999
A5: u(P) | B5: 5.8e-05
A6: V：體積 (mL) | B6: 100
A7: u(V) | B7: 0.07
A8: c(Cd) = 1000·m·P/V (mg/L) | B8: =1000*B2*B4/B6 | C8: '=1000*B2*B4/B6
A9: 相對 u(m)/m | B9: =B3/B2 | C9: '=B3/B2 | D9: 乘除模型先換成相對不確定度
A10: 相對 u(P)/P | B10: =B5/B4 | C10: '=B5/B4
A11: 相對 u(V)/V | B11: =B7/B6 | C11: '=B7/B6
A12: 相對合成 u_c(y)/y | B12: =SQRT(SUMSQ(B9,B10,B11)) | C12: '=SQRT(SUMSQ(B9,B10,B11))
A13: 合成 u_c（解析法）(mg/L) | B13: =B8*B12 | C13: '=B8*B12
A14: 質量貢獻 | B14: =B8*B9 | C14: '=B8*B9
A15: 純度貢獻 | B15: =B8*B10 | C15: '=B8*B10
A16: 體積貢獻 | B16: =B8*B11 | C16: '=B8*B11
A18: 體積貢獻(0.70) > 質量貢獻(0.50) > 純度貢獻(0.06)——與 ch07 天平案例一致。

Sheet Kragten表
A1: m (mg) | B1: 100.28
A2: u(m) | B2: 0.05
A3: P | B3: 0.9999
A4: u(P) | B4: 5.8e-05
A5: V (mL) | B5: 100
A6: u(V) | B6: 0.07
A8: 情況 | B8: m | C8: P | D8: V | E8: y=1000·m·P/V | F8: y − y0 | G8: (y − y0)² | H8: u² 占比
A9: 基準 y0 | B9: =B1 | C9: =B3 | D9: =B5 | E9: =1000*B9*C9/D9 | F9: — | G9: — | H9: —
A10: m + u(m) | B10: =B1+B2 | C10: =B3 | D10: =B5 | E10: =1000*B10*C10/D10 | F10: =E10-E9 | G10: =F10^2 | H10: =G10/$G$14
A11: P + u(P) | B11: =B1 | C11: =B3+B4 | D11: =B5 | E11: =1000*B11*C11/D11 | F11: =E11-E9 | G11: =F11^2 | H11: =G11/$G$14
A12: V + u(V) | B12: =B1 | C12: =B3 | D12: =B5+B6 | E12: =1000*B12*C12/D12 | F12: =E12-E9 | G12: =F12^2 | H12: =G12/$G$14
A14: 合成 Σ(y−y0)² | G14: =SUM(G10:G12)
A15: 合成標準不確定度 u_c = √Σ(y−y0)² | E15: =SQRT(G14)
A17: 每一欄只改一個輸入（加上它自己的 u）重新算 y，y 與基準的差就是那個來源的貢獻——這正是「Kragten 試算表法」的全部內容：不需要偏微分，只需要複製欄、改一格、重算。

Sheet MonteCarlo示範
A1: m (mg) | B1: 100.28
A2: u(m) | B2: 0.05
A3: P | B3: 0.9999
A4: u(P) | B4: 5.8e-05
A5: V (mL) | B5: 100
A6: u(V) | B6: 0.07
A8: m_sim | B8: P_sim | C8: V_sim | D8: y_sim = 1000·m_sim·P_sim/V_sim (mg/L)
A9: =_xlfn.NORM.INV(RAND(),$B$1,$B$2) | B9: =_xlfn.NORM.INV(RAND(),$B$3,$B$4) | C9: =_xlfn.NORM.INV(RAND(),$B$5,$B$6) | D9: =1000*A9*B9/C9
A10: =_xlfn.NORM.INV(RAND(),$B$1,$B$2) | B10: =_xlfn.NORM.INV(RAND(),$B$3,$B$4) | C10: =_xlfn.NORM.INV(RAND(),$B$5,$B$6) | D10: =1000*A10*B10/C10
A11: =_xlfn.NORM.INV(RAND(),$B$1,$B$2) | B11: =_xlfn.NORM.INV(RAND(),$B$3,$B$4) | C11: =_xlfn.NORM.INV(RAND(),$B$5,$B$6) | D11: =1000*A11*B11/C11
A12: =_xlfn.NORM.INV(RAND(),$B$1,$B$2) | B12: =_xlfn.NORM.INV(RAND(),$B$3,$B$4) | C12: =_xlfn.NORM.INV(RAND(),$B$5,$B$6) | D12: =1000*A12*B12/C12
A13: =_xlfn.NORM.INV(RAND(),$B$1,$B$2) | B13: =_xlfn.NORM.INV(RAND(),$B$3,$B$4) | C13: =_xlfn.NORM.INV(RAND(),$B$5,$B$6) | D13: =1000*A13*B13/C13
A14: =_xlfn.NORM.INV(RAND(),$B$1,$B$2) | B14: =_xlfn.NORM.INV(RAND(),$B$3,$B$4) | C14: =_xlfn.NORM.INV(RAND(),$B$5,$B$6) | D14: =1000*A14*B14/C14
A15: =_xlfn.NORM.INV(RAND(),$B$1,$B$2) | B15: =_xlfn.NORM.INV(RAND(),$B$3,$B$4) | C15: =_xlfn.NORM.INV(RAND(),$B$5,$B$6) | D15: =1000*A15*B15/C15
A16: =_xlfn.NORM.INV(RAND(),$B$1,$B$2) | B16: =_xlfn.NORM.INV(RAND(),$B$3,$B$4) | C16: =_xlfn.NORM.INV(RAND(),$B$5,$B$6) | D16: =1000*A16*B16/C16
A17: =_xlfn.NORM.INV(RAND(),$B$1,$B$2) | B17: =_xlfn.NORM.INV(RAND(),$B$3,$B$4) | C17: =_xlfn.NORM.INV(RAND(),$B$5,$B$6) | D17: =1000*A17*B17/C17
A18: =_xlfn.NORM.INV(RAND(),$B$1,$B$2) | B18: =_xlfn.NORM.INV(RAND(),$B$3,$B$4) | C18: =_xlfn.NORM.INV(RAND(),$B$5,$B$6) | D18: =1000*A18*B18/C18
A19: =_xlfn.NORM.INV(RAND(),$B$1,$B$2) | B19: =_xlfn.NORM.INV(RAND(),$B$3,$B$4) | C19: =_xlfn.NORM.INV(RAND(),$B$5,$B$6) | D19: =1000*A19*B19/C19
A20: =_xlfn.NORM.INV(RAND(),$B$1,$B$2) | B20: =_xlfn.NORM.INV(RAND(),$B$3,$B$4) | C20: =_xlfn.NORM.INV(RAND(),$B$5,$B$6) | D20: =1000*A20*B20/C20
... A1008: =_xlfn.NORM.INV(RAND(),$B$1,$B$2) | B1008: =_xlfn.NORM.INV(RAND(),$B$3,$B$4) | C1008: =_xlfn.NORM.INV(RAND(),$B$5,$B$6) | D1008: =1000*A1008*B1008/C1008
A1010: N（模擬次數） | D1010: =COUNT(D9:D1008)
A1011: 平均 mean(y_sim) | D1011: =AVERAGE(D9:D1008)
A1012: 標準差 STDEV.S(y_sim) ≈ u_c | D1012: =_xlfn.STDEV.S(D9:D1008)
A1013: 95% 涵蓋區間下限 (2.5% 分位數) | D1013: =_xlfn.PERCENTILE.INC(D9:D1008,0.025)
A1014: 95% 涵蓋區間上限 (97.5% 分位數) | D1014: =_xlfn.PERCENTILE.INC(D9:D1008,0.975)
A1016: 這張表每次開檔、每次按 F9 都會重新抽樣，1000 列的數字與上面的平均/標準差/涵蓋區間都會小幅跳動——這是 RAND() 的正常行為，不是公式錯誤，也不會與 R 的數字完全相同。但只要模擬次數夠多，標準差應該穩定落在「解析法_Rule2」算出的 u_c ≈ 0.86 mg/L 附近，95% 涵蓋區間半寬也應該接近 k=2 的 U。

Sheet 對照R答案
A1: 項目 | B1: Excel 算出來 | C1: R 的答案 | D1: 一致？ | E1: 來源儲存格
A2: c(Cd) | B2: ='解析法_Rule2'!B8 | C2: 1002.6997 | D2: =IF(ABS(B2-C2)<=0.50134986,"✓","✗") | E2: '解析法_Rule2'!B8
A3: 解析法 uc | B3: ='解析法_Rule2'!B13 | C3: 0.86370259 | D3: =IF(ABS(B3-C3)<=0.00043185129509999996,"✓","✗") | E3: '解析法_Rule2'!B13
A4: 質量貢獻 | B4: ='解析法_Rule2'!B14 | C4: 0.49995 | D4: =IF(ABS(B4-C4)<=0.000249975,"✓","✗") | E4: '解析法_Rule2'!B14
A5: 純度貢獻 | B5: ='解析法_Rule2'!B15 | C5: 0.0581624 | D5: =IF(ABS(B5-C5)<=2.9081200000000002e-05,"✓","✗") | E5: '解析法_Rule2'!B15
A6: 體積貢獻 | B6: ='解析法_Rule2'!B16 | C6: 0.7018898 | D6: =IF(ABS(B6-C6)<=0.00035094490200000003,"✓","✗") | E6: '解析法_Rule2'!B16
A7: Kragten y0 | B7: ='Kragten表'!E9 | C7: 1002.6997 | D7: =IF(ABS(B7-C7)<=0.50134986,"✓","✗") | E7: 'Kragten表'!E9
A8: Kragten y(m+u) | B8: ='Kragten表'!E10 | C8: 1003.1997 | D8: =IF(ABS(B8-C8)<=0.501599835,"✓","✗") | E8: 'Kragten表'!E10
A9: Kragten y(P+u) | B9: ='Kragten表'!E11 | C9: 1002.7579 | D9: =IF(ABS(B9-C9)<=0.501378941,"✓","✗") | E9: 'Kragten表'!E11
A10: Kragten y(V+u) | B10: ='Kragten表'!E12 | C10: 1001.9983 | D10: =IF(ABS(B10-C10)<=0.5009991605,"✓","✗") | E10: 'Kragten表'!E12
A11: Kragten uc | B11: ='Kragten表'!E15 | C11: 0.86330364 | D11: =IF(ABS(B11-C11)<=0.00043165182115,"✓","✗") | E11: 'Kragten表'!E15
A13: 如果你改了黃色儲存格的數據，這裡當然會變成 ✗——那是因為 R 的答案是用原始教材數據算的。
