Workbook

Sheet 說明
A1: Ch11 綜合案例：粗纖維（經驗方法）與標準曲線反推的不確定度
A2: 對應網頁：ch11.html ｜ 黃色儲存格＝可以改成你自己的數據；其他是公式，請不要直接覆蓋。
A4: 這本活頁簿在做什麼
A5: ①飼料粗纖維：一個「結果由方法本身定義」的經驗方法，不確定度直接用協同試驗的再現性標準差 s_R 估（QUAM Example A6）。
A6: ②標準曲線反推濃度：把第4章的迴歸與信賴區間串成一條線——用 QUAM 附錄 E.4 的公式，把「殘差、斜率、校正點數、未知樣品重複數」分開拆算。
A7: 「粗纖維」工作表：3 個含量層級（2.5%／5%／10%）各自的不確定度預算，看相對不確定度怎麼隨含量遞減。
A8: 「標準曲線反推」工作表：SLOPE、INTERCEPT、STEYX、DEVSQ 逐項算出 var(x_pred) 公式的每一項。
A9: 怎麼用
A10: 1. 黃色是可以改的數據；改了以後所有公式自動重算。
A11: 2. 試著把「標準曲線反推」工作表裡未知樣品的重複測定次數 p 從 3 改成 1，看 u(x_pred) 變大多少。
A12: 3. 把粗纖維的含量層級 s_R 改一改，看相對不確定度 U/含量 怎麼隨含量升高而下降。
A13: 4.「對照R答案」工作表核對 Excel 與 R 是否一致。
... A18: s_R 對含量的關係圖可以用「插入圖表」畫，但預算計算本身是逐項代公式，不是統計檢定；var(x_pred) 公式雖然來自迴歸，仍需拆開手算，工具箱的『迴歸』只給係數，不會算這個反推不確定度公式。

Sheet 粗纖維協同試驗
A1: 協同試驗數據（QUAM Example A6，5 個樣品）
A2: 樣品 | B2: 纖維含量 (% m/m) | C2: s_R 再現性SD | D2: s_r 重複性SD
A3: A | B3: 2.3 | C3: 0.293 | D3: 0.198
A4: B | B4: 12.1 | C4: 0.563 | D4: 0.358
A5: C | B5: 5.4 | C5: 0.39 | D5: 0.264
A6: D | B6: 3.4 | C6: 0.347 | D6: 0.232
A7: E | B7: 10.1 | C7: 0.575 | D7: 0.391
A9: 觀察：s_R 隨含量上升（用 SLOPE/INTERCEPT 配一條參考線）
A10: 項目 | B10: 結果 | C10: 公式 | D10: 說明
A11: 斜率 (s_R ~ 含量) | B11: =SLOPE(C3:C7,B3:B7) | C11: '=SLOPE(C3:C7,B3:B7) | D11: 含量每增加1%，s_R 大約增加多少
A12: 截距 | B12: =INTERCEPT(C3:C7,B3:B7) | C12: '=INTERCEPT(C3:C7,B3:B7)
A14: 乾燥固定項：恆重失重 ±2 mg（矩形）對 1 g 樣品的貢獻
A15: 項目 | B15: 結果 | C15: 公式 | D15: 說明
A16: 恆重失重半寬 a (mg) | B16: 2 | D16: 乾燥至恆重的稱重容許差
A17: 樣品重 (g) | B17: 1 | D17: 約 1 g 樣品
A18: u(乾燥) 計算值 (% m/m) | B18: =(B16/SQRT(3))/B17/10 | C18: '=(B16/SQRT(3))/B17/10 | D18: 矩形 a/√3，再換算成占 1 g 樣品的百分比；QUAM 原文採用值 0.115
A19: u(乾燥)：採用值 (% m/m) | B19: 0.115 | D19: QUAM A6 原文採用值（低含量時不可忽略）
A21: 不確定度預算：三個含量層級（分含量層級報告）
A22: 來源 | B22: 數值 | C22: 分布 | D22: 除數 | E22: 標準不確定度 u | F22: 相對 u(x)/x | G22: u²占比 (%)
A23: s_R（含量2.5%） | B23: 0.292 | C23: 協同試驗再現性標準差 | D23: 1 | E23: =B23 | F23: — | G23: =E23^2/E25^2*100 | I23: 纖維含量水平 (%)： | J23: 2.5
A24: 乾燥固定項 | B24: =B19 | C24: 矩形（見上方換算） | D24: — | E24: =B19 | F24: — | G24: =E24^2/E25^2*100
A25: 合成 u_c | C25: U=2×u_c (k=2) | D25: 相對 U%→ | E25: =SQRT(SUMSQ(E23,E24)) | F25: =2*E25 | G25: =F25/J23*100
A26: 來源 | B26: 數值 | C26: 分布 | D26: 除數 | E26: 標準不確定度 u | F26: 相對 u(x)/x | G26: u²占比 (%)
A27: s_R（含量5%） | B27: 0.4 | C27: 協同試驗再現性標準差 | D27: 1 | E27: =B27 | F27: — | G27: =E27^2/E29^2*100 | I27: 纖維含量水平 (%)： | J27: 5
A28: 乾燥固定項 | B28: =B19 | C28: 矩形（見上方換算） | D28: — | E28: =B19 | F28: — | G28: =E28^2/E29^2*100
A29: 合成 u_c | C29: U=2×u_c (k=2) | D29: 相對 U%→ | E29: =SQRT(SUMSQ(E27,E28)) | F29: =2*E29 | G29: =F29/J27*100
A30: 來源 | B30: 數值 | C30: 分布 | D30: 除數 | E30: 標準不確定度 u | F30: 相對 u(x)/x | G30: u²占比 (%)
A31: s_R（含量10%） | B31: 0.6 | C31: 協同試驗再現性標準差 | D31: 1 | E31: =B31 | F31: — | G31: =E31^2/E33^2*100 | I31: 纖維含量水平 (%)： | J31: 10
A32: 乾燥固定項 | B32: =B19 | C32: 矩形（見上方換算） | D32: — | E32: =B19 | F32: — | G32: =E32^2/E33^2*100
A33: 合成 u_c | C33: U=2×u_c (k=2) | D33: 相對 U%→ | E33: =SQRT(SUMSQ(E31,E32)) | F33: =2*E33 | G33: =F33/J31*100
A35: 三個層級比較（相對不確定度隨含量遞減）
A36: 含量 (%) | B36: u_c | C36: U (k=2) | D36: 相對 U (%)
A37: 2.5 | B37: =E25 | C37: =F25 | D37: =F25/2.5*100
A38: 5 | B38: =E29 | C38: =F29 | D38: =F29/5*100
A39: 10 | B39: =E33 | C39: =F33 | D39: =F33/10*100

Sheet 標準曲線反推
A1: 校正數據（同第4章 Group A 鈉標準曲線）
A2: 濃度 x (μg/mL) | B2: 發射訊號 y
A3: 1 | B3: 0.05
A4: 3 | B4: 0.14
A5: 5 | B5: 0.242
A6: 10 | B6: 0.521
A7: 20 | B7: 0.998
A9: 項目 | B9: 結果 | C9: 公式 | D9: 說明
A10: n：校正點數 | B10: =COUNT(A3:A7) | C10: '=COUNT(A3:A7) | D10: 有幾個標準品濃度
A11: b1：斜率 | B11: =SLOPE(B3:B7,A3:A7) | C11: '=SLOPE(B3:B7,A3:A7) | D11: 每單位濃度訊號增加多少
A12: b0：截距 | B12: =INTERCEPT(B3:B7,A3:A7) | C12: '=INTERCEPT(B3:B7,A3:A7)
A13: S：殘差標準差 | B13: =STEYX(B3:B7,A3:A7) | C13: '=STEYX(B3:B7,A3:A7) | D13: STEYX 用自由度 n−2，是公式要的 S
A14: x̄：濃度平均 | B14: =AVERAGE(A3:A7) | C14: '=AVERAGE(A3:A7)
A15: S_xx：Σ(xi−x̄)² | B15: =DEVSQ(A3:A7) | C15: '=DEVSQ(A3:A7) | D15: DEVSQ 直接算離均差平方和
A16: p：未知樣品重複測定次數 | B16: 3 | D16: 未知樣品測 3 次取平均
A17: 未知樣品 3 次平均訊號 y_obs | B17: 0.555
A18: x_pred：反推濃度 | B18: =(B17-B12)/B11 | C18: '=(B17-B12)/B11 | D18: (y_obs − b0)/b1
A20: var(x_pred) 公式逐項拆開（QUAM E.4）
A21: 項目 | B21: 結果 | C21: 公式 | D21: 說明
A22: 1/p | B22: =1/B16 | C22: '=1/B16 | D22: 未知樣品重複測定次數項
A23: 1/n | B23: =1/B10 | C23: '=1/B10 | D23: 校正點數項
A24: (x_pred−x̄)²/S_xx | B24: =(B18-B14)^2/B15 | C24: '=(B18-B14)^2/B15 | D24: 離校正中心越遠這一項越大
A25: 三項合計 | B25: =B22+B23+B24 | C25: '=B22+B23+B24
A26: S²/b1² | B26: =B13^2/B11^2 | C26: '=B13^2/B11^2 | D26: 殘差變異除以斜率平方
A27: var(x_pred) | B27: =B26*B25 | C27: '=B26*B25 | D27: (S²/b1²) × 三項合計
A28: u(x_pred) | B28: =SQRT(B27) | C28: '=SQRT(B27)
A29: U (k=2) | B29: =2*B28 | C29: '=2*B28
A30: 報告：Na = (11.1 ± 0.4) μg/mL（k=2）

Sheet 對照R答案
A1: 項目 | B1: Excel 算出來 | C1: R 的答案 | D1: 一致？ | E1: 來源儲存格
A2: 粗纖維 2.5% u_c | B2: ='粗纖維協同試驗'!E25 | C2: 0.31382957 | D2: =IF(ABS(B2-C2)<=0.00015691478580000002,"✓","✗") | E2: '粗纖維協同試驗'!E25
A3: 粗纖維 2.5% U | B3: ='粗纖維協同試驗'!F25 | C3: 0.62765914 | D3: =IF(ABS(B3-C3)<=0.00031382957160000003,"✓","✗") | E3: '粗纖維協同試驗'!F25
A4: 粗纖維 5% u_c | B4: ='粗纖維協同試驗'!E29 | C4: 0.41620308 | D4: =IF(ABS(B4-C4)<=0.0002081015377,"✓","✗") | E4: '粗纖維協同試驗'!E29
A5: 粗纖維 10% u_c | B5: ='粗纖維協同試驗'!E33 | C5: 0.61092144 | D5: =IF(ABS(B5-C5)<=0.0003054607176,"✓","✗") | E5: '粗纖維協同試驗'!E33
A6: 粗纖維 10% 相對U% | B6: ='粗纖維協同試驗'!G33 | C6: 12.218429 | D6: =IF(ABS(B6-C6)<=0.00610921435,"✓","✗") | E6: '粗纖維協同試驗'!G33
A7: 標準曲線 斜率 b1 | B7: ='標準曲線反推'!B11 | C7: 0.05039948 | D7: =IF(ABS(B7-C7)<=2.5199740035000003e-05,"✓","✗") | E7: '標準曲線反推'!B11
A8: 標準曲線 殘差標準差 S | B8: ='標準曲線反推'!B13 | C8: 0.013807823 | D8: =IF(ABS(B8-C8)<=6.90391156e-06,"✓","✗") | E8: '標準曲線反推'!B13
A9: 標準曲線 S_xx | B9: ='標準曲線反推'!B15 | C9: 230.8 | D9: =IF(ABS(B9-C9)<=0.1154,"✓","✗") | E9: '標準曲線反推'!B15
A10: 反推濃度 x_pred | B10: ='標準曲線反推'!B18 | C10: 11.069875 | D10: =IF(ABS(B10-C10)<=0.0055349375,"✓","✗") | E10: '標準曲線反推'!B18
A11: 反推濃度 u(x_pred) | B11: ='標準曲線反推'!B28 | C11: 0.20858623 | D11: =IF(ABS(B11-C11)<=0.000104293117,"✓","✗") | E11: '標準曲線反推'!B28
A12: 反推濃度 U (k=2) | B12: ='標準曲線反推'!B29 | C12: 0.41717247 | D12: =IF(ABS(B12-C12)<=0.00020858623395000002,"✓","✗") | E12: '標準曲線反推'!B29
A14: 如果你改了黃色儲存格的數據，這裡當然會變成 ✗——那是因為 R 的答案是用原始教材數據算的。
