Workbook

Sheet 說明
A1: Ch13 配方計算：目標導向配方、規劃求解最低成本、營養標籤與 Atwater 熱量
A2: 對應網頁：ch13.html ｜ 黃色儲存格＝可以改成你自己的數據；其他是公式，請不要直接覆蓋。
A4: 這本活頁簿在做什麼
A5: 重現商業配方軟體 TechWizard™ 的兩招牌功能：質量平衡聯立方程（目標導向配方）與最低成本配方，情境是 TechWizard 官網的 Ice Cream 範例：
A6: 脂肪 12%、非脂乳固形（MSNF）11%、砂糖 14%、玉米糖漿 3%、安定劑/乳化劑 0.5%，其餘用鮮奶油＋全脂鮮乳＋脫脂奶粉＋水湊足 82.5 kg。
A7: 「原料資料庫與配方平衡」：列出各原料的組成（脂肪/MSNF/水分/單價），並說明質量平衡的 3 條方程式、4 個未知數（多一個自由度）。
A8: 「最低成本驗算表」：把 R 用 solve() 掃描找出的最佳解（與最貴端點、逆向工程解）當常數填入，用公式驗證它滿足所有限制式並算成本——這是本章最重要的一張表。
A9: 「營養標籤與Atwater」：用 SUMPRODUCT 把配方加權平均成每 100 g 營養值，換算每份 66 g，並用 Atwater 4-4-9 交叉驗證熱量。
A10: 怎麼用
A11: 1. 黃色是可以改的數據；「原料資料庫」的組成/單價改了，下面的驗算表會自動重算「是否符合限制式」與成本，但注意：Excel 不會自動重新幫你找『最佳解』，那是 Solver 的工作（見下方 Solver 操作說明）。
A12: 2. 想找新的最佳解：照著下面的 Solver 步驟做一次，把 Solver 給的答案抄到「最低成本驗算表」的黃色格子裡，公式就會自動驗證它對不對。
A13: 3.「營養標籤與Atwater」把 tgt_fat（脂肪目標）改一改，看熱量、每份 66 g 的標示值怎麼變。
... A25: R 的 solve()（解聯立方程）＝ Solver 只設限制式、不求最佳化；R 掃描 SMP 找最低成本 ＝ Solver 設目標「最小化」＋限制式一次求解，兩者殊途同歸，都是先寫「目標式」與「限制式」再交給演算法。Excel 沒有內建的『掃描＋畫成本曲線』功能，本章用固定的最佳解/次佳解讓學生在驗算表對照即可。

Sheet 原料資料庫與配方平衡
A1: 迷你原料資料庫（摘自 USDA FoodData Central／SR Legacy，CC0）
A2: 原料 | B2: 脂肪% | C2: 蛋白質% | D2: 碳水% | E2: 灰分% | F2: 單價(元/kg)
A3: 鮮奶油(36%) | B3: 36.08 | C3: 2.05 | D3: 2.79 | E3: 0.61 | F3: 230
A4: 全脂鮮乳 | B4: 3.25 | C4: 3.15 | D4: 4.8 | E4: 0.7 | F4: 38
A5: 脫脂奶粉 | B5: 0.77 | C5: 36.16 | D5: 51.99 | E5: 7.92 | F5: 280
A6: 砂糖 | B6: 0 | C6: 0 | D6: 99.98 | E6: 0 | F6: 42
A7: 玉米糖漿 | B7: 0 | C7: 0 | D7: 78 | E7: 0 | F7: 55
A8: 安定劑/乳化劑 | B8: 0 | C8: 0 | D8: 0 | E8: 0 | F8: 850
A10: 原料 | B10: MSNF% (=蛋白質+碳水+灰分) | C10: 公式
A11: 鮮奶油(36%) | B11: =C3+D3+E3 | C11: '=蛋白質+碳水+灰分
A12: 全脂鮮乳 | B12: =C4+D4+E4 | C12: '=蛋白質+碳水+灰分
A13: 脫脂奶粉 | B13: =C5+D5+E5 | C13: '=蛋白質+碳水+灰分
A15: 目標規格（每 100 kg 配方；黃色可改）
A16: 項目 | B16: 數值 (kg) | C16: 公式 | D16: 說明
A17: 目標脂肪 | B17: 12 | D17: TechWizard Ice Cream 範例規格
A18: 目標 MSNF | B18: 11
A19: 砂糖用量 | B19: 14
A20: 玉米糖漿用量 | B20: 3
A21: 安定劑/乳化劑用量 | B21: 0.5
A22: 次要原料合計 | B22: =B19+B20+B21 | C22: '=B19+B20+B21 | D22: 砂糖+糖漿+安定劑
A23: 乳原料+水 合計 | B23: =100-B22 | C23: '=100-B22 | D23: 100 kg 扣掉次要原料
A25: 質量平衡的 3 條方程式（4 個未知數：鮮奶油c/全脂乳m/脫脂奶粉s/水w）
A26: (1) 總質量：c + m + s + w = 乳原料+水合計 (2) 脂肪：0.3608c+0.0325m+0.0077s = 目標脂肪 (3) MSNF：0.0545c+0.0865m+0.9607s = 目標MSNF
A27: 4 個未知數、3 條方程式 → 多一個自由度，存在一整個可行配方家族；要多一個準則（例如成本最低）才能選出唯一解。

Sheet 最低成本驗算表
A1: 把 R／Solver 算出的解當「常數」填入（黃色可改），用公式驗證是否滿足限制式並算成本
A2: ① 最便宜解（水→0 的端點，R 用 solve() 掃描 SMP 找出）
A3: 原料 | B3: 用量 (kg)
A4: 鮮奶油 cream | B4: 28.82544
A5: 全脂鮮乳 milk | B5: 47.920966
A6: 脫脂奶粉 smp | B6: 5.5
A7: 水 water | B7: 0.25359459
A9: 限制式驗算 | B9: 結果 | C9: 公式 | D9: 應等於
A10: 總質量 c+m+s+w | B10: =B4+B5+B6+B7 | C10: '=B4+B5+B6+B7 | D10: 應等於 82.5（乳原料+水合計）
A11: 脂肪合量 0.3608c+0.0325m+0.0077s | B11: =0.3608*B4+0.0325*B5+0.0077*B6 | C11: '=0.3608*B4+0.0325*B5+0.0077*B6 | D11: 應等於目標脂肪
A12: MSNF合量 0.0545c+0.0865m+0.9607s | B12: =0.0545*B4+0.0865*B5+0.9607*B6 | C12: '=0.0545*B4+0.0865*B5+0.9607*B6 | D12: 應等於目標MSNF
A13: 全部用量 ≥ 0？ | B13: =IF(MIN(B4,B5,B6,B7)>=-0.000001,"是","否——不可行") | C13: '=IF(MIN(B4,B5,B6,B7)>=-0.000001,"是","否——不可行") | D13: 可行配方的必要條件
A14: 原料成本 (元/100kg) | B14: =230*B4+38*B5+280*B6+0.5*B7+(14*42+3*55+0.5*850) | C14: '=230*B4+38*B5+280*B6+0.5*B7+(14*42+3*55+0.5*850) | D14: 230c+38m+280s+0.5w+次要原料固定成本(14×42+3×55+0.5×850)
A17: ② 最貴解（鮮乳→0 的另一端點，供對照）
A18: 原料 | B18: 用量 (kg)
A19: 鮮奶油 cream | B19: 33.029354
A20: 全脂鮮乳 milk | B20: 0.291505
A21: 脫脂奶粉 smp | B21: 9.55
A22: 水 water | B22: 39.629141
A24: 限制式驗算 | B24: 結果 | C24: 公式 | D24: 應等於
A25: 總質量 c+m+s+w | B25: =B19+B20+B21+B22 | C25: '=B19+B20+B21+B22 | D25: 應等於 82.5（乳原料+水合計）
A26: 脂肪合量 0.3608c+0.0325m+0.0077s | B26: =0.3608*B19+0.0325*B20+0.0077*B21 | C26: '=0.3608*B19+0.0325*B20+0.0077*B21 | D26: 應等於目標脂肪
A27: MSNF合量 0.0545c+0.0865m+0.9607s | B27: =0.0545*B19+0.0865*B20+0.9607*B21 | C27: '=0.0545*B19+0.0865*B20+0.9607*B21 | D27: 應等於目標MSNF
A28: 全部用量 ≥ 0？ | B28: =IF(MIN(B19,B20,B21,B22)>=-0.000001,"是","否——不可行") | C28: '=IF(MIN(B19,B20,B21,B22)>=-0.000001,"是","否——不可行") | D28: 可行配方的必要條件
A29: 原料成本 (元/100kg) | B29: =230*B19+38*B20+280*B21+0.5*B22+(14*42+3*55+0.5*850) | C29: '=230*B19+38*B20+280*B21+0.5*B22+(14*42+3*55+0.5*850) | D29: 230c+38m+280s+0.5w+次要原料固定成本(14×42+3×55+0.5×850)
A32: ③ 逆向工程解（競品脂肪10.8%/MSNF12.22%，用同一套限制式重解）
A33: 原料 | B33: 用量 (kg)
A34: 鮮奶油 cream | B34: 25.247529
A35: 全脂鮮乳 milk | B35: 50.422045
A36: 脫脂奶粉 smp | B36: 6.75
A37: 水 water | B37: 0.080425928
A39: 限制式驗算 | B39: 結果 | C39: 公式 | D39: 應等於
A40: 總質量 c+m+s+w | B40: =B34+B35+B36+B37 | C40: '=B34+B35+B36+B37 | D40: 應等於 82.5（乳原料+水合計）
A41: 脂肪合量 0.3608c+0.0325m+0.0077s | B41: =0.3608*B34+0.0325*B35+0.0077*B36 | C41: '=0.3608*B34+0.0325*B35+0.0077*B36 | D41: 應等於目標脂肪
A42: MSNF合量 0.0545c+0.0865m+0.9607s | B42: =0.0545*B34+0.0865*B35+0.9607*B36 | C42: '=0.0545*B34+0.0865*B35+0.9607*B36 | D42: 應等於目標MSNF
A43: 全部用量 ≥ 0？ | B43: =IF(MIN(B34,B35,B36,B37)>=-0.000001,"是","否——不可行") | C43: '=IF(MIN(B34,B35,B36,B37)>=-0.000001,"是","否——不可行") | D43: 可行配方的必要條件
A44: 原料成本 (元/100kg) | B44: =230*B34+38*B35+280*B36+0.5*B37+(14*42+3*55+0.5*850) | C44: '=230*B34+38*B35+280*B36+0.5*B37+(14*42+3*55+0.5*850) | D44: 230c+38m+280s+0.5w+次要原料固定成本(14×42+3×55+0.5×850)
A47: 成本比較：最便宜 vs 最貴
A48: 項目 | B48: 結果 | C48: 公式 | D48: 說明
A49: 最貴 − 最便宜 (元/100kg) | B49: =B29-B14 | C49: '=B29-B14 | D49: 同規格下，配方選擇可以差到這麼多錢

Sheet 營養標籤與Atwater
A1: 用「最便宜解」的用量，加權平均出每 100 g 營養值（全部用 SUMPRODUCT）
A2: 項目 | B2: 結果 | C2: 公式 | D2: 說明
A3: 蛋白質 (g/100g) | B3: =SUMPRODUCT(('最低成本驗算表'!B4:B6),({2.05;3.15;36.16}))/100 | C3: '=SUMPRODUCT(('最低成本驗算表'!B4:B6),({2.05;3.15;36.16}))/100 | D3: SUMPRODUCT(用量欄{cream,milk,smp}, 蛋白質%欄)/100
A4: 碳水化合物 (g/100g) | B4: =(SUMPRODUCT(('最低成本驗算表'!B4:B6),({2.79;4.80;51.99}))+14*99.98+3*78)/100 | C4: '=(SUMPRODUCT(('最低成本驗算表'!B4:B6),({2.79;4.80;51.99}))+14*99.98+3*78)/100 | D4: 乳原料的碳水加權 + 砂糖14×99.98% + 玉米糖漿3×78%，全部/100
A5: 乳糖 (g/100g) | B5: =SUMPRODUCT(('最低成本驗算表'!B4:B6),({2.79;4.80;51.99}))/100 | C5: '=SUMPRODUCT(('最低成本驗算表'!B4:B6),({2.79;4.80;51.99}))/100 | D5: 只算乳原料帶來的碳水（乳糖）
A6: 糖 (標示用) (g/100g) | B6: =14+B5+3*0.26 | C6: '=14+B5+3*0.26 | D6: 砂糖14 + 乳糖 + 玉米糖漿的還原糖部分(×0.26)
A7: 鈉 (mg/100g) | B7: =SUMPRODUCT(('最低成本驗算表'!B4:B6),({30;43;1010}))/100 | C7: '=SUMPRODUCT(('最低成本驗算表'!B4:B6),({30;43;1010}))/100 | D7: SUMPRODUCT(用量, 各原料每100g鈉mg)/100
A8: 脂肪 (g/100g) | B8: ='原料資料庫與配方平衡'!B17 | C8: '='原料資料庫與配方平衡'!B17 | D8: ＝目標脂肪 12
A9: 熱量 Atwater 4-4-9 (kcal/100g) | B9: =4*B3+4*B4+9*B8 | C9: '=4*B3+4*B4+9*B8 | D9: 4×蛋白質 + 4×碳水 + 9×脂肪——用來交叉驗證資料庫的 Energy 值
A11: 換算每份 66 g（美制 RACC 1/2 杯×0.56 g/mL 密度，含 overrun 打入的空氣）
A12: 項目 | B12: 結果 | C12: 公式 | D12: 說明
A13: 每份重量 (g) | B13: 66 | D13: = 118 mL × 0.56 g/mL；新制 2/3 杯≈88 g，改這裡即可
A14: 份量比例 serv/100 | B14: =B13/100 | C14: '=B13/100
A15: 熱量/份 (kcal) | B15: =B9*B14 | C15: '=B9*B14 | D15: 未套 FDA 捨入前的原始值
A16: 熱量/份 FDA捨入 (kcal) | B16: =IF(B15<=5,0,IF(B15<=50,ROUND(B15/5,0)*5,ROUND(B15/10,0)*10)) | C16: '=IF(B15<=5,0,IF(B15<=50,ROUND(B15/5,0)*5,ROUND(B15/10,0)*10)) | D16: FDA 簡化捨入規則：≤5記0；≤50取5的倍數；否則取10的倍數
A17: 蛋白質/份 FDA捨入 (g) | B17: =IF(B3*B14<0.5,0,ROUND(B3*B14,0)) | C17: '=IF(B3*B14<0.5,0,ROUND(B3*B14,0)) | D17: <0.5g記0，否則四捨五入
A18: 脂肪/份 FDA捨入 (g) | B18: =IF(B8*B14<0.5,0,ROUND(B8*B14,0)) | C18: '=IF(B8*B14<0.5,0,ROUND(B8*B14,0))
A19: 碳水/份 FDA捨入 (g) | B19: =IF(B4*B14<0.5,0,ROUND(B4*B14,0)) | C19: '=IF(B4*B14<0.5,0,ROUND(B4*B14,0))
A20: 糖/份 FDA捨入 (g) | B20: =IF(B6*B14<0.5,0,ROUND(B6*B14,0)) | C20: '=IF(B6*B14<0.5,0,ROUND(B6*B14,0))
A21: 鈉/份 FDA捨入 (mg) | B21: =ROUND(B7*B14/5,0)*5 | C21: '=ROUND(B7*B14/5,0)*5 | D21: 5–140mg取5的倍數（簡化版）
A23: 教學簡化版捨入規則，實際以最新法規為準；算出來的標籤應接近 140kcal/3g蛋白/8g脂肪/15g碳水/14g糖/55mg鈉。

Sheet 對照R答案
A1: 項目 | B1: Excel 算出來 | C1: R 的答案 | D1: 一致？ | E1: 來源儲存格
A2: 驗算：最便宜解總質量 | B2: ='最低成本驗算表'!B10 | C2: 82.5 | D2: =IF(ABS(B2-C2)<=0.04125,"✓","✗") | E2: '最低成本驗算表'!B10
A3: 驗算：最便宜解脂肪合量 | B3: ='最低成本驗算表'!B11 | C3: 12 | D3: =IF(ABS(B3-C3)<=0.006,"✓","✗") | E3: '最低成本驗算表'!B11
A4: 驗算：最便宜解MSNF合量 | B4: ='最低成本驗算表'!B12 | C4: 11 | D4: =IF(ABS(B4-C4)<=0.0055,"✓","✗") | E4: '最低成本驗算表'!B12
A5: 驗算：最便宜解成本 | B5: ='最低成本驗算表'!B14 | C5: 11168.975 | D5: =IF(ABS(B5-C5)<=5.584487305,"✓","✗") | E5: '最低成本驗算表'!B14
A6: 驗算：最貴解成本 | B6: ='最低成本驗算表'!B29 | C6: 11479.643 | D6: =IF(ABS(B6-C6)<=5.739821640000001,"✓","✗") | E6: '最低成本驗算表'!B29
A7: 驗算：逆向工程解成本 | B7: ='最低成本驗算表'!B44 | C7: 10791.01 | D7: =IF(ABS(B7-C7)<=5.39550482,"✓","✗") | E7: '最低成本驗算表'!B44
A8: 驗算：逆向工程解脂肪合量 | B8: ='最低成本驗算表'!B41 | C8: 10.8 | D8: =IF(ABS(B8-C8)<=0.01,"✓","✗") | E8: '最低成本驗算表'!B41
A9: 驗算：逆向工程解MSNF合量 | B9: ='最低成本驗算表'!B42 | C9: 12.222222 | D9: =IF(ABS(B9-C9)<=0.01,"✓","✗") | E9: '最低成本驗算表'!B42
A10: 蛋白質 (g/100g) | B10: ='營養標籤與Atwater'!B3 | C10: 4.0892319 | D10: =IF(ABS(B10-C10)<=0.0020446159675,"✓","✗") | E10: '營養標籤與Atwater'!B3
A11: 碳水化合物 (g/100g) | B11: ='營養標籤與Atwater'!B4 | C11: 22.301086 | D11: =IF(ABS(B11-C11)<=0.01115054306,"✓","✗") | E11: '營養標籤與Atwater'!B4
A12: 鈉 (mg/100g) | B12: ='營養標籤與Atwater'!B7 | C12: 84.803647 | D12: =IF(ABS(B12-C12)<=0.042401823585000005,"✓","✗") | E12: '營養標籤與Atwater'!B7
A13: 熱量 Atwater (kcal/100g) | B13: ='營養標籤與Atwater'!B9 | C13: 213.56127 | D13: =IF(ABS(B13-C13)<=0.10678063609999999,"✓","✗") | E13: '營養標籤與Atwater'!B9
A14: 熱量/份 (kcal) | B14: ='營養標籤與Atwater'!B15 | C14: 140.95044 | D14: =IF(ABS(B14-C14)<=0.07047521985,"✓","✗") | E14: '營養標籤與Atwater'!B15
A16: 如果你改了黃色儲存格的數據，這裡當然會變成 ✗——那是因為 R 的答案是用原始教材數據算的。
