Workbook

Sheet 說明
A1: Ch15 假說檢定：t 檢定與 F 檢定
A2: 對應網頁：ch15.html ｜ 黃色儲存格＝可以改成你自己的數據；其他是公式，請不要直接覆蓋。
A4: 這本活頁簿在做什麼
A5: 本章比較「一組數據 vs 一個已知值」（one-sample t）、「同一批樣品測兩次」（paired t）、「兩組互相獨立的樣品」（Welch t）、「兩組精密度誰比較好」（F 檢定）四種最常用的檢定。
A6: 四張計算表都先「逐步公式版」（看得到 t、p、df 每一步怎麼來），再放「一格函數版」（T.TEST／F.TEST）互相對照，數字要一樣才對。
A7: 怎麼用
A8: 1. 每張表左邊黃色是原始數據，右邊每一列是一個公式，C 欄印出公式原文。
A9: 2. 「Welch t」表把 Welch–Satterthwaite 自由度拆成三步（see the 分子/分母 rows）——這是本章最容易被跳過的計算。
A10: 3. 試著把「paired t」表的杜馬斯數據改一兩個值，看 p 值怎麼變；也試試把 paired 的兩欄硬套進「兩獨立樣本」公式，體會 15.5 節「誤用」的後果。
A11: 4. 「對照R答案」工作表核對 Excel 與 R 是否一致。
A12: 觀念提醒
A13: T.TEST 和 F.TEST 只回傳「雙尾 p 值」，不會給你 t／F 統計量、自由度或信賴區間；要完整報告，仍要用本活頁簿的「逐步公式版」或回到 R。
... A23: ④ 工具箱輸出是<strong>靜態貼上的數字</strong>：改了原始數據，工具箱的表不會自動重算，要重新跑一次「資料分析」；本活頁簿的公式版會自動重算，這是兩者最大的差別。

Sheet one-sample t
A1: 奶粉CRM粗蛋白 (g/100 g)
A2: 34.92
A3: 35.12
A4: 34.85
A5: 35.04
A6: 34.81
A7: 34.98
A9: 項目 | B9: 結果 | C9: 公式 | D9: 白話說明
A10: n（重複次數） | B10: =COUNT(A2:A7) | C10: '=COUNT(A2:A7) | D10: 數一數測了幾次
A11: 平均 x̄ | B11: =AVERAGE(A2:A7) | C11: '=AVERAGE(A2:A7) | D11: 6 次凱氏法的平均
A12: 標準差 SD | B12: =_xlfn.STDEV.S(A2:A7) | C12: '=STDEV.S(A2:A7) | D12: 分母 n−1
A13: CRM 認證值 μ₀ | B13: 35.1 | D13: 可以改成別的認證值試試
A14: 偏倚 bias = x̄ − μ₀ | B14: =B11-B13 | C14: '=B11-B13 | D14: 平均離認證值多遠
A15: 標準誤 SEM | B15: =B12/SQRT(B10) | C15: '=B12/SQRT(B10) | D15: SD ÷ √n
A16: t 值 | B16: =B14/B15 | C16: '=B14/B15 | D16: bias ÷ SEM
A17: 自由度 df | B17: =B10-1 | C17: '=B10-1 | D17: n − 1
A18: 雙尾 p 值 | B18: =_xlfn.T.DIST.2T(ABS(B16),B17) | C18: '=T.DIST.2T(ABS(B16),B17) | D18: t 要先取絕對值，T.DIST.2T 才是雙尾
A19: 雙尾臨界值 t(0.975,5) | B19: =_xlfn.T.INV.2T(0.05,B17) | C19: '=T.INV.2T(0.05,B17) | D19: |t| 超過這個值就顯著
A20: 回收率 (%) | B20: =B11/B13*100 | C20: '=B11/B13*100 | D20: 呼應 Ch06 的真度 (trueness)
A22: Excel 的資料分析工具箱沒有 one-sample t 檢定，只能像這樣自己拼公式；T.TEST 只能比較兩組數據。

Sheet paired t
A1: 食品 | B1: 凱氏法 (%) | C1: 杜馬斯法 (%) | D1: 差值 d=杜−凱
A2: 鮮乳 | B2: 3.12 | C2: 3.2 | D2: =C2-B2
A3: 優格 | B3: 3.85 | C3: 4.07 | D3: =C3-B3
A4: 豆漿 | B4: 3.41 | C4: 3.37 | D4: =C4-B4
A5: 白米 | B5: 6.92 | C5: 7.11 | D5: =C5-B5
A6: 麵粉 | B6: 11.85 | C6: 11.95 | D6: =C6-B6
A7: 雞蛋 | B7: 12.48 | C7: 12.79 | D7: =C7-B7
A8: 豬里肌 | B8: 20.35 | C8: 20.37 | D8: =C8-B8
A9: 雞胸肉 | B9: 23.1 | C9: 23.36 | D9: =C9-B9
A10: 黃豆粉 | B10: 36.42 | C10: 36.65 | D10: =C10-B10
A11: 脫脂奶粉 | B11: 35.18 | C11: 35.3 | D11: =C11-B11
A13: 項目 | B13: 結果 | C13: 公式 | D13: 白話說明
A14: n（配對數） | B14: =COUNT(D2:D11) | C14: '=COUNT(D2:D11) | D14: 10 個樣品各測 2 次
A15: 平均差 d̄ | B15: =AVERAGE(D2:D11) | C15: '=AVERAGE(D2:D11) | D15: 成對 t 其實就是對差值做 one-sample t
A16: 差值標準差 SD_d | B16: =_xlfn.STDEV.S(D2:D11) | C16: '=STDEV.S(D2:D11)
A17: 標準誤 SE_d | B17: =B16/SQRT(B14) | C17: '=B16/SQRT(B14)
A18: 自由度 df | B18: =B14-1 | C18: '=B14-1
A19: t 值 | B19: =B15/B17 | C19: '=B15/B17 | D19: d̄ ÷ SE_d
A20: 雙尾 p 值（逐步公式版） | B20: =_xlfn.T.DIST.2T(ABS(B19),B18) | C20: '=T.DIST.2T(ABS(B19),B18)
A21: 雙尾 p 值（T.TEST，type=1 成對） | B21: =_xlfn.T.TEST(B2:B11,C2:C11,2,1) | C21: '=T.TEST(B2:B11,C2:C11,2,1) | D21: 與上一列應該完全相同
A22: ✗ 誤用：當成兩獨立樣本（type=3） | B22: =_xlfn.T.TEST(B2:B11,C2:C11,2,3) | C22: '=T.TEST(B2:B11,C2:C11,2,3) | D22: p 值變得完全不同（p≈0.98）——這就是 15.5 節的誤用示範，成對資料不能拆開比
A24: 正確：成對設計一定要用「差值」或 T.TEST(...,type=1)；把兩欄當獨立樣本會把「樣品間本來就有的大差異」誤當成誤差，嚴重低估檢定力。

Sheet Welch t
A1: A 產線總氮 (g/100 mL) | B1: B 產線總氮 (g/100 mL)
A2: 1.52 | B2: 1.41
A3: 1.38 | B3: 1.38
A4: 1.61 | B4: 1.43
A5: 1.45 | B5: 1.39
B6: 1.42
B7: 1.37
B8: 1.4
B9: 1.44
B10: 1.38
B11: 1.41
A13: 項目 | B13: 結果 | C13: 公式 | D13: 白話說明
A14: n_A | B14: =COUNT(A2:A5) | C14: '=COUNT(A2:A5)
A15: n_B | B15: =COUNT(B2:B11) | C15: '=COUNT(B2:B11)
A16: 平均 x̄_A | B16: =AVERAGE(A2:A5) | C16: '=AVERAGE(A2:A5)
A17: 平均 x̄_B | B17: =AVERAGE(B2:B11) | C17: '=AVERAGE(B2:B11)
A18: 變異數 s²_A | B18: =_xlfn.VAR.S(A2:A5) | C18: '=VAR.S(A2:A5)
A19: 變異數 s²_B | B19: =_xlfn.VAR.S(B2:B11) | C19: '=VAR.S(B2:B11)
A20: s²_A / n_A | B20: =B18/B14 | C20: '=B18/B14
A21: s²_B / n_B | B21: =B19/B15 | C21: '=B19/B15
A22: 合併標準誤 SE = √(s²_A/n_A + s²_B/n_B) | B22: =SQRT(B20+B21) | C22: '=SQRT(B20+B21) | D22: 兩組互相獨立，變異數要先分別除 n 再相加
A23: 平均差 x̄_A − x̄_B | B23: =B16-B17 | C23: '=B16-B17
A24: Welch t 值 | B24: =B23/B22 | C24: '=B23/B22
A25: Welch–Satterthwaite df 分子 = (s²_A/n_A+s²_B/n_B)² | B25: =(B20+B21)^2 | C25: '=(B20+B21)^2
A26: 分母第一項 = (s²_A/n_A)²/(n_A−1) | B26: =(B20)^2/(B14-1) | C26: '=(B20)^2/(B14-1)
A27: 分母第二項 = (s²_B/n_B)²/(n_B−1) | B27: =(B21)^2/(B15-1) | C27: '=(B21)^2/(B15-1)
A28: Welch df | B28: =B25/(B26+B27) | C28: '=B25/(B26+B27) | D28: 小數自由度是正常的，不是算錯
A29: 雙尾 p 值（T.TEST，type=3 Welch） | B29: =_xlfn.T.TEST(A2:A5,B2:B11,2,3) | C29: '=T.TEST(A2:A5,B2:B11,2,3) | D29: T.DIST.2T 對非整數 df 會自動截斷，用 T.TEST 比較準
A30: ✗ 硬假設等變異（type=2）的 p 值 | B30: =_xlfn.T.TEST(A2:A5,B2:B11,2,2) | C30: '=T.TEST(A2:A5,B2:B11,2,2) | D30: 結論翻盤：p 從「不顯著」變「顯著」——這正是本章強調『Welch 當預設』的原因
A32: A、B 兩產線的變異數看起來差很多（s²_A 遠大於 s²_B），硬套等變異假設會低估真正的不確定性，讓 p 值變得過小。

Sheet F檢定
A1: 資深分析員 粗脂肪 (%) | B1: 新人分析員 粗脂肪 (%)
A2: 14.52 | B2: 14.31
A3: 14.61 | B3: 14.82
A4: 14.48 | B4: 14.47
A5: 14.57 | B5: 14.95
A6: 14.66 | B6: 14.2
A7: 14.5 | B7: 14.68
A8: 14.59 | B8: 14.39
A9: 14.55 | B9: 14.77
A11: 項目 | B11: 結果 | C11: 公式 | D11: 白話說明
A12: SD 資深 | B12: =_xlfn.STDEV.S(A2:A9) | C12: '=STDEV.S(A2:A9)
A13: SD 新人 | B13: =_xlfn.STDEV.S(B2:B9) | C13: '=STDEV.S(B2:B9)
A14: 變異數 資深 | B14: =_xlfn.VAR.S(A2:A9) | C14: '=VAR.S(A2:A9)
A15: 變異數 新人 | B15: =_xlfn.VAR.S(B2:B9) | C15: '=VAR.S(B2:B9)
A16: F = 新人變異數 / 資深變異數 | B16: =B15/B14 | C16: '=B15/B14 | D16: F 檢定比的是「變異數比」，不是 SD 比
A17: 分子 df（新人） | B17: =COUNT(B2:B9)-1 | C17: '=COUNT(B2:B9)-1
A18: 分母 df（資深） | B18: =COUNT(A2:A9)-1 | C18: '=COUNT(A2:A9)-1
A19: 雙尾 p（逐步公式版） | B19: =2*MIN(_xlfn.F.DIST.RT(B16,B17,B18),_xlfn.F.DIST.RT(1/B16,B18,B17)) | C19: '=2*MIN(F.DIST.RT(B16,B17,B18),F.DIST.RT(1/B16,B18,B17)) | D19: 雙尾 = 2 × 較小的那一尾機率
A20: 雙尾 p（F.TEST 函數） | B20: =_xlfn.F.TEST(B2:B9,A2:A9) | C20: '=F.TEST(B2:B9,A2:A9) | D20: 應與上一列相同
A22: F 檢定對「非常態」很敏感：兩組若其實來自同一個右偏母體，理論上只該有 5% 誤判機率，實際模擬常遠高於 5%（見 R 腳本第 7 節）。

Sheet 對照R答案
A1: 項目 | B1: Excel 算出來 | C1: R 的答案 | D1: 一致？ | E1: 來源儲存格
A2: one-sample t：平均 | B2: ='one-sample t'!B11 | C2: 34.953333 | D2: =IF(ABS(B2-C2)<=0.017476666665,"✓","✗") | E2: 'one-sample t'!B11
A3: one-sample t：SD | B3: ='one-sample t'!B12 | C3: 0.11690452 | D3: =IF(ABS(B3-C3)<=5.8452259700000005e-05,"✓","✗") | E3: 'one-sample t'!B12
A4: one-sample t：bias | B4: ='one-sample t'!B14 | C4: -0.14666667 | D4: =IF(ABS(B4-C4)<=7.333333335e-05,"✓","✗") | E4: 'one-sample t'!B14
A5: one-sample t：t 值 | B5: ='one-sample t'!B16 | C5: -3.0730933 | D5: =IF(ABS(B5-C5)<=0.0015365466505000002,"✓","✗") | E5: 'one-sample t'!B16
A6: one-sample t：雙尾 p | B6: ='one-sample t'!B18 | C6: 0.027686194 | D6: =IF(ABS(B6-C6)<=1.384309694e-05,"✓","✗") | E6: 'one-sample t'!B18
A7: one-sample t：回收率% | B7: ='one-sample t'!B20 | C7: 99.582146 | D7: =IF(ABS(B7-C7)<=0.049791073124999995,"✓","✗") | E7: 'one-sample t'!B20
A8: paired t：平均差 d̄ | B8: ='paired t'!B15 | C8: 0.149 | D8: =IF(ABS(B8-C8)<=7.45e-05,"✓","✗") | E8: 'paired t'!B15
A9: paired t：t 值 | B9: ='paired t'!B19 | C9: 4.2258287 | D9: =IF(ABS(B9-C9)<=0.0021129143395,"✓","✗") | E9: 'paired t'!B19
A10: paired t：T.TEST(type=1) p | B10: ='paired t'!B21 | C10: 0.0022202479 | D10: =IF(ABS(B10-C10)<=1.1101239555e-06,"✓","✗") | E10: 'paired t'!B21
A11: paired t：誤用 type=3 p | B11: ='paired t'!B22 | C11: 0.97927773 | D11: =IF(ABS(B11-C11)<=0.00048963886625,"✓","✗") | E11: 'paired t'!B22
A12: Welch t：t 值 | B12: ='Welch t'!B24 | C12: 1.7504955 | D12: =IF(ABS(B12-C12)<=0.0008752477690000001,"✓","✗") | E12: 'Welch t'!B24
A13: Welch t：df | B13: ='Welch t'!B28 | C13: 3.133646 | D13: =IF(ABS(B13-C13)<=0.0015668230045,"✓","✗") | E13: 'Welch t'!B28
A14: Welch t：T.TEST(type=3) p | B14: ='Welch t'!B29 | C14: 0.17441185 | D14: =IF(ABS(B14-C14)<=8.720592545e-05,"✓","✗") | E14: 'Welch t'!B29
A15: Welch t：誤用 type=2 p | B15: ='Welch t'!B30 | C15: 0.016947169 | D15: =IF(ABS(B15-C15)<=8.473584730000002e-06,"✓","✗") | E15: 'Welch t'!B30
A16: F 檢定：F 值 | B16: ='F檢定'!B16 | C16: 20.070933 | D16: =IF(ABS(B16-C16)<=0.010035466270000001,"✓","✗") | E16: 'F檢定'!B16
A17: F 檢定：F.TEST p | B17: ='F檢定'!B20 | C17: 0.00078972454 | D17: =IF(ABS(B17-C17)<=3.9486226795e-07,"✓","✗") | E17: 'F檢定'!B20
A19: 如果你改了黃色儲存格的數據，這裡當然會變成 ✗——那是因為 R 的答案是用原始教材數據算的。
