Workbook

Sheet 說明
A1: Ch16 單因子變異數分析：逐步 ANOVA 與 Tukey HSD
A2: 對應網頁：ch16.html ｜ 黃色儲存格＝可以改成你自己的數據；其他是公式，請不要直接覆蓋。
A4: 這本活頁簿在做什麼
A5: 三種溶劑（甲醇、乙醇、丙酮）萃取總多酚，各獨立萃取 5 次。「ANOVA逐步」把總變異拆成「組間」與「組內」，一步步算出 F 與 p；「TukeyHSD」接著問「哪兩組不一樣」；「醬油總氮」示範各組變異不等（heteroscedastic）時傳統 ANOVA 為什�麼會誤導。
A6: 怎麼用
A7: 1. 「ANOVA逐步」左邊三欄黃色是三個溶劑的原始數據，右邊每一列一個公式，對照 SS_between/SS_within 怎麼一步步加總出來。
A8: 2. 試著把丙酮欄隨便一個數字改小，看 F、p、η² 怎麼變。
A9: 3. 「TukeyHSD」的臨界值 q（studentized range）Excel 沒有對應函數，已用 R 的 qtukey(0.95,3,12) 算好填在黃格——這格改了就不對，只是讓你知道它是「外部查表值」。
A10: 4. 「醬油總氮」示範四品牌批次變異差很大（C、D 是 A、B 的 8~12 倍），傳統 ANOVA（假設等變異）會被稀釋掉，看起來「沒有差異」，但這個假設本身就不成立。
A11: 觀念提醒
A12: ① SS_between 用「各組平均離總平均多遠」（n×(組平均−總平均)²加總）；SS_within 用「組內每個數據離自己組平均多遠」（DEVSQ 逐組加總）；兩者相加＝SS_total。
A13: ② Tukey HSD 的臨界值 q 來自 studentized range 分布，Excel 沒有內建函數，只能用 R 的 qtukey() 或查表；HSD = q × √(MS_within / n)，兩組平均差超過 HSD 才算顯著。
... A20: ⑤ 工具箱<b>沒有</b> Tukey HSD、Welch ANOVA 或殘差診斷；輸出也是靜態表，改數據要重跑一次「資料分析」才會更新——本活頁簿的公式版會自動重算。

Sheet ANOVA逐步
A1: 甲醇 Methanol | B1: 乙醇 Ethanol | C1: 丙酮 Acetone
A2: 12.4 | B2: 13 | C2: 14.8
A3: 13.1 | B3: 12.2 | C3: 15.4
A4: 12.8 | B4: 13.5 | C4: 14.5
A5: 11.9 | B5: 12.9 | C5: 15.1
A6: 12.6 | B6: 13.3 | C6: 15.6
A8: 項目 | B8: 結果 | C8: 公式 | D8: 白話說明
A9: n 甲醇 | B9: =COUNT(A2:A6) | C9: '=COUNT(A2:A6)
A10: n 乙醇 | B10: =COUNT(B2:B6) | C10: '=COUNT(B2:B6)
A11: n 丙酮 | B11: =COUNT(C2:C6) | C11: '=COUNT(C2:C6)
A12: 組平均 甲醇 | B12: =AVERAGE(A2:A6) | C12: '=AVERAGE(A2:A6)
A13: 組平均 乙醇 | B13: =AVERAGE(B2:B6) | C13: '=AVERAGE(B2:B6)
A14: 組平均 丙酮 | B14: =AVERAGE(C2:C6) | C14: '=AVERAGE(C2:C6)
A15: 總平均 grand mean | B15: =AVERAGE(A2:C6) | C15: '=AVERAGE(A2:C6) | D15: 15 筆數據的總平均
A16: k（組數） | B16: 3
A17: N（總筆數） | B17: =COUNT(A2:C6) | C17: '=COUNT(A2:C6)
A18: SS_between | B18: =B9*(B12-B15)^2+B10*(B13-B15)^2+B11*(B14-B15)^2 | C18: '=B9*(B12-B15)^2+B10*(B13-B15)^2+B11*(B14-B15)^2 | D18: 各組 n×(組平均−總平均)² 加總
A19: SS_within | B19: =DEVSQ(A2:A6)+DEVSQ(B2:B6)+DEVSQ(C2:C6) | C19: '=DEVSQ(A2:A6)+DEVSQ(B2:B6)+DEVSQ(C2:C6) | D19: 各組 DEVSQ（離均差平方和）加總
A20: SS_total | B20: =DEVSQ(A2:C6) | C20: '=DEVSQ(A2:C6) | D20: 應該等於 SS_between + SS_within（核對用）
A21: df_between | B21: =B16-1 | C21: '=B16-1
A22: df_within | B22: =B17-B16 | C22: '=B17-B16
A23: MS_between | B23: =B18/B21 | C23: '=B18/B21
A24: MS_within | B24: =B19/B22 | C24: '=B19/B22
A25: F 值 | B25: =B23/B24 | C25: '=B23/B24
A26: p 值（右尾） | B26: =_xlfn.F.DIST.RT(B25,B21,B22) | C26: '=F.DIST.RT(B25,B21,B22) | D26: F.DIST.RT 的 RT=right tail，對應 R 的 pf(...,lower.tail=FALSE)
A27: F 臨界值 (α=0.05) | B27: =_xlfn.F.INV.RT(0.05,B21,B22) | C27: '=F.INV.RT(0.05,B21,B22)
A28: 效果量 η² | B28: =B18/B20 | C28: '=B18/B20 | D28: 總變異中有多少比例可用「溶劑不同」解釋
A30: 檢查：SS_between + SS_within 應該等於 SS_total（B18+B19 = B20）。

Sheet TukeyHSD
A1: 項目 | B1: 結果 | C1: 公式 | D1: 白話說明
A2: 臨界值 q (α=0.05, k=3, df=12) | B2: 3.772929 | D2: studentized range 分布，Excel 沒有函數，用 R 的 qtukey(0.95,3,12) 實算填入
A3: 每組 n | B3: 5
A4: MS_within（引用 ANOVA逐步） | B4: ='ANOVA逐步'!B24 | C4: '='ANOVA逐步'!B24
A5: HSD = q × √(MS_within/n) | B5: =B2*SQRT(B4/B3) | C5: '=B2*SQRT(B4/B3) | D5: 兩組平均至少要差這麼多才顯著
A7: 組平均 甲醇（引用） | B7: ='ANOVA逐步'!B12 | C7: '='ANOVA逐步'!B12
A8: 組平均 乙醇（引用） | B8: ='ANOVA逐步'!B13 | C8: '='ANOVA逐步'!B13
A9: 組平均 丙酮（引用） | B9: ='ANOVA逐步'!B14 | C9: '='ANOVA逐步'!B14
A10: 丙酮 − 甲醇 | B10: =B9-B7 | C10: '=B9-B7
A11: 丙酮 − 乙醇 | B11: =B9-B8 | C11: '=B9-B8
A12: 乙醇 − 甲醇 | B12: =B8-B7 | C12: '=B8-B7
A13: 丙酮 vs 甲醇 顯著？ | B13: =IF(ABS(B10)>B5,"顯著","不顯著") | C13: '=IF(ABS(B10)>B5,"顯著","不顯著")
A14: 丙酮 vs 乙醇 顯著？ | B14: =IF(ABS(B11)>B5,"顯著","不顯著") | C14: '=IF(ABS(B11)>B5,"顯著","不顯著")
A15: 乙醇 vs 甲醇 顯著？ | B15: =IF(ABS(B12)>B5,"顯著","不顯著") | C15: '=IF(ABS(B12)>B5,"顯著","不顯著")
A17: Excel 資料分析工具箱沒有 Tukey HSD；q 值必須從 R（qtukey）或統計表查得，不能用 Excel 現成函數算出。

Sheet 醬油總氮(變異不等)
A1: A 大廠 | B1: B 大廠 | C1: C 小廠 | D1: D 小廠
A2: 1.42 | B2: 1.52 | C2: 1.38 | D2: 1.6
A3: 1.45 | B3: 1.5 | C3: 1.62 | D3: 1.33
A4: 1.43 | B4: 1.55 | C4: 1.25 | D4: 1.78
A5: 1.46 | B5: 1.51 | C5: 1.71 | D5: 1.41
A6: 1.44 | B6: 1.53 | C6: 1.49 | D6: 1.69
A7: 1.41 | B7: 1.49 | C7: 1.3 | D7: 1.22
A9: 項目 | B9: 結果 | C9: 公式 | D9: 白話說明
A10: 組平均 A | B10: =AVERAGE(A2:A7) | C10: '=AVERAGE(A2:A7)
A11: 組平均 B | B11: =AVERAGE(B2:B7) | C11: '=AVERAGE(B2:B7)
A12: 組平均 C | B12: =AVERAGE(C2:C7) | C12: '=AVERAGE(C2:C7)
A13: 組平均 D | B13: =AVERAGE(D2:D7) | C13: '=AVERAGE(D2:D7)
A14: 組 SD A | B14: =_xlfn.STDEV.S(A2:A7) | C14: '=STDEV.S(A2:A7)
A15: 組 SD B | B15: =_xlfn.STDEV.S(B2:B7) | C15: '=STDEV.S(B2:B7)
A16: 組 SD C | B16: =_xlfn.STDEV.S(C2:C7) | C16: '=STDEV.S(C2:C7) | D16: C、D 的批次變異明顯比 A、B 大很多
A17: 組 SD D | B17: =_xlfn.STDEV.S(D2:D7) | C17: '=STDEV.S(D2:D7)
A18: 最大SD ÷ 最小SD | B18: =MAX(B14,B15,B16,B17)/MIN(B14,B15,B16,B17) | C18: '=MAX(B14,B15,B16,B17)/MIN(B14,B15,B16,B17) | D18: 粗略檢查變異是否等質；差太多就不該用傳統 ANOVA 的等變異假設
A19: 總平均 | B19: =AVERAGE(A2:D7) | C19: '=AVERAGE(A2:D7)
A20: k（組數） | B20: 4
A21: N（總筆數） | B21: =COUNT(A2:D7) | C21: '=COUNT(A2:D7)
A22: SS_between | B22: =6*(B10-B19)^2+6*(B11-B19)^2+6*(B12-B19)^2+6*(B13-B19)^2 | C22: '=6*(B10-B19)^2+6*(B11-B19)^2+6*(B12-B19)^2+6*(B13-B19)^2 | D22: 各組 n×(組平均−總平均)² 加總（n=6）
A23: SS_within | B23: =DEVSQ(A2:A7)+DEVSQ(B2:B7)+DEVSQ(C2:C7)+DEVSQ(D2:D7) | C23: '=DEVSQ(A2:A7)+DEVSQ(B2:B7)+DEVSQ(C2:C7)+DEVSQ(D2:D7)
A24: df_between | B24: =B20-1 | C24: '=B20-1
A25: df_within | B25: =B21-B20 | C25: '=B21-B20
A26: MS_between | B26: =B22/B24 | C26: '=B22/B24
A27: MS_within | B27: =B23/B25 | C27: '=B23/B25
A28: 傳統 ANOVA F（假設等變異） | B28: =B26/B27 | C28: '=B26/B27
A29: 傳統 ANOVA p | B29: =_xlfn.F.DIST.RT(B28,B24,B25) | C29: '=F.DIST.RT(B28,B24,B25)
A31: 傳統 ANOVA 得到 p ≈ 0.73「沒有差異」，但這是因為 C、D 的巨大批次變異把組間差異淹沒、又違反等變異假設。R 的 Welch ANOVA（oneway.test，不假設等變異）算出 F ≈ 14.46、p ≈ 0.00057——結論完全相反！Excel 資料分析工具箱沒有 Welch ANOVA，這種情況務必回到 R。

Sheet 對照R答案
A1: 項目 | B1: Excel 算出來 | C1: R 的答案 | D1: 一致？ | E1: 來源儲存格
A2: ANOVA：總平均 | B2: ='ANOVA逐步'!B15 | C2: 13.54 | D2: =IF(ABS(B2-C2)<=0.00677,"✓","✗") | E2: 'ANOVA逐步'!B15
A3: ANOVA：SS_between | B3: ='ANOVA逐步'!B18 | C3: 18.228 | D3: =IF(ABS(B3-C3)<=0.009114,"✓","✗") | E3: 'ANOVA逐步'!B18
A4: ANOVA：SS_within | B4: ='ANOVA逐步'!B19 | C4: 2.588 | D4: =IF(ABS(B4-C4)<=0.001294,"✓","✗") | E4: 'ANOVA逐步'!B19
A5: ANOVA：F 值 | B5: ='ANOVA逐步'!B25 | C5: 42.25966 | D5: =IF(ABS(B5-C5)<=0.021129829985,"✓","✗") | E5: 'ANOVA逐步'!B25
A6: ANOVA：p 值 | B6: ='ANOVA逐步'!B26 | C6: 3.6931926e-06 | D6: =IF(ABS(B6-C6)<=1e-09,"✓","✗") | E6: 'ANOVA逐步'!B26
A7: ANOVA：η² | B7: ='ANOVA逐步'!B28 | C7: 0.87567256 | D7: =IF(ABS(B7-C7)<=0.0004378362798,"✓","✗") | E7: 'ANOVA逐步'!B28
A8: Tukey：HSD | B8: ='TukeyHSD'!B5 | C8: 0.78358324 | D8: =IF(ABS(B8-C8)<=0.00039179162035,"✓","✗") | E8: 'TukeyHSD'!B5
A9: Tukey：丙酮−甲醇 | B9: ='TukeyHSD'!B10 | C9: 2.52 | D9: =IF(ABS(B9-C9)<=0.00126,"✓","✗") | E9: 'TukeyHSD'!B10
A10: Tukey：丙酮−乙醇 | B10: ='TukeyHSD'!B11 | C10: 2.1 | D10: =IF(ABS(B10-C10)<=0.0010500000000000002,"✓","✗") | E10: 'TukeyHSD'!B11
A11: Tukey：乙醇−甲醇 | B11: ='TukeyHSD'!B12 | C11: 0.42 | D11: =IF(ABS(B11-C11)<=0.00021,"✓","✗") | E11: 'TukeyHSD'!B12
A12: 醬油：組平均 C | B12: ='醬油總氮(變異不等)'!B12 | C12: 1.4583333 | D12: =IF(ABS(B12-C12)<=0.0007291666665,"✓","✗") | E12: '醬油總氮(變異不等)'!B12
A13: 醬油：組 SD C | B13: ='醬油總氮(變異不等)'!B16 | C13: 0.18170489 | D13: =IF(ABS(B13-C13)<=9.085244445e-05,"✓","✗") | E13: '醬油總氮(變異不等)'!B16
A14: 醬油：傳統 ANOVA F | B14: ='醬油總氮(變異不等)'!B28 | C14: 0.43604375 | D14: =IF(ABS(B14-C14)<=0.0002180218735,"✓","✗") | E14: '醬油總氮(變異不等)'!B28
A15: 醬油：傳統 ANOVA p | B15: ='醬油總氮(變異不等)'!B29 | C15: 0.72960877 | D15: =IF(ABS(B15-C15)<=0.00036480438305,"✓","✗") | E15: '醬油總氮(變異不等)'!B29
A17: 如果你改了黃色儲存格的數據，這裡當然會變成 ✗——那是因為 R 的答案是用原始教材數據算的。
